{
  "id": "3",
  "name": "Residential 1",
  "directory_name": "/Users/tkwasnik/github/urbanopt-example-geojson-reopt-project/run/baseline_scenario/3",
  "feature_type": "Building",
  "timesteps_per_hour": 1,
  "simulation_status": "Complete",
  "timeseries_csv": {
    "path": "/Users/tkwasnik/github/urbanopt-example-geojson-reopt-project/run/baseline_scenario/3/010_default_feature_reports/default_feature_reports.csv",
    "first_report_datetime": "0",
    "column_names": [
      "Electricity:Facility",
      "ElectricityProduced:Facility",
      "Gas:Facility",
      "DistrictCooling:Facility",
      "DistrictHeating:Facility",
      "District Cooling Chilled Water Rate",
      "District Cooling Mass Flow Rate",
      "District Cooling Inlet Temperature",
      "District Cooling Outlet Temperature",
      "District Heating Hot Water Rate",
      "District Heating Mass Flow Rate",
      "District Heating Inlet Temperature",
      "District Heating Outlet Temperature"
    ]
  },
  "location": {
    "latitude": 42.93,
    "longitude": -78.73,
    "surface_elevation": 215.0
  },
  "program": {
    "floor_area": 125566.71988343977,
    "conditioned_area": 125566.71988343977,
    "unconditioned_area": 0.0,
    "footprint_area": 125566.71988343977,
    "maximum_roof_height": 9.0,
    "maximum_number_of_stories": 3,
    "number_of_residential_units": 1,
    "building_types": [
      {
        "building_type": "MidriseApartment",
        "floor_area": 125566.66718835625,
        "maximum_occupancy": 295.67220792842437
      }
    ],
    "window_area": {
      "north_window_area": 810.1995370657407,
      "south_window_area": 810.1995370657407,
      "east_window_area": 4054.0115802453824,
      "west_window_area": 4054.0115802453824,
      "total_window_area": 9728.422234622247
    },
    "wall_area": {
      "north_wall_area": 2700.449845344135,
      "south_wall_area": 2700.557484448302,
      "east_wall_area": 13513.22841534572,
      "west_wall_area": 13513.22841534572,
      "total_wall_area": 32427.464160483876
    },
    "roof_area": {
      "total_roof_area": 41855.555729452084
    },
    "orientation": 0.0,
    "aspect_ratio": 0.1998375045801405
  },
  "construction_costs": [

  ],
  "reporting_periods": [
    {
      "start_date": {
        "month": 1,
        "day_of_month": 1,
        "year": "2018"
      },
      "end_date": {
        "month": 12,
        "day_of_month": 31,
        "year": "2018"
      },
      "total_site_energy": 7994628.8900763625,
      "total_source_energy": 19626629.19558072,
      "net_site_energy": 7994628.8900763625,
      "net_source_energy": 19626629.19558072,
      "electricity": 5261863.6124466,
      "natural_gas": 2732774.7558009657,
      "additional_fuel": 0.0,
      "district_cooling": 0.0,
      "district_heating": 0.0,
      "water": 6956.07,
      "electricity_produced": 5261858.873360998,
      "end_uses": {
        "electricity": {
          "heating": 0.0,
          "cooling": 406594.58827200683,
          "interior_lighting": 492921.7715901437,
          "exterior_lighting": 265777.3987070573,
          "interior_equipment": 1387282.0063177901,
          "exterior_equipment": 0.0,
          "fans": 1417261.4618333,
          "pumps": 3175.1873530496127,
          "heat_rejection": 0.0,
          "humidification": 0.0,
          "heat_recovery": 0.0,
          "water_systems": 1288851.1983732518,
          "refrigeration": 0.0,
          "generators": 0.0
        },
        "natural_gas": {
          "heating": 2732774.7558009657,
          "cooling": 0.0,
          "interior_lighting": 0.0,
          "exterior_lighting": 0.0,
          "interior_equipment": 0.0,
          "exterior_equipment": 0.0,
          "fans": 0.0,
          "pumps": 0.0,
          "heat_rejection": 0.0,
          "humidification": 0.0,
          "heat_recovery": 0.0,
          "water_systems": 0.0,
          "refrigeration": 0.0,
          "generators": 0.0
        },
        "additional_fuel": {
          "heating": 0.0,
          "cooling": 0.0,
          "interior_lighting": 0.0,
          "exterior_lighting": 0.0,
          "interior_equipment": 0.0,
          "exterior_equipment": 0.0,
          "fans": 0.0,
          "pumps": 0.0,
          "heat_rejection": 0.0,
          "humidification": 0.0,
          "heat_recovery": 0.0,
          "water_systems": 0.0,
          "refrigeration": 0.0,
          "generators": 0.0
        },
        "district_cooling": {
          "heating": 0.0,
          "cooling": 0.0,
          "interior_lighting": 0.0,
          "exterior_lighting": 0.0,
          "interior_equipment": 0.0,
          "exterior_equipment": 0.0,
          "fans": 0.0,
          "pumps": 0.0,
          "heat_rejection": 0.0,
          "humidification": 0.0,
          "heat_recovery": 0.0,
          "water_systems": 0.0,
          "refrigeration": 0.0,
          "generators": 0.0
        },
        "district_heating": {
          "heating": 0.0,
          "cooling": 0.0,
          "interior_lighting": 0.0,
          "exterior_lighting": 0.0,
          "interior_equipment": 0.0,
          "exterior_equipment": 0.0,
          "fans": 0.0,
          "pumps": 0.0,
          "heat_rejection": 0.0,
          "humidification": 0.0,
          "heat_recovery": 0.0,
          "water_systems": 0.0,
          "refrigeration": 0.0,
          "generators": 0.0
        },
        "water": {
          "heating": 0.0,
          "cooling": 0.0,
          "interior_lighting": 0.0,
          "exterior_lighting": 0.0,
          "interior_equipment": 0.0,
          "exterior_equipment": 0.0,
          "fans": 0.0,
          "pumps": 0.0,
          "heat_rejection": 0.0,
          "humidification": 0.0,
          "heat_recovery": 0.0,
          "water_systems": 6593082.236097856,
          "refrigeration": 0.0,
          "generators": 0.0
        }
      },
      "energy_production": {
        "electricity_produced": {
          "photovoltaic": 0.0
        }
      },
      "utility_costs": [
        {
        }
      ],
      "comfort_result": {
        "time_setpoint_not_met_during_occupied_cooling": 0.0,
        "time_setpoint_not_met_during_occupied_heating": 0.0,
        "time_setpoint_not_met_during_occupied_hours": 0.0
      }
    }
  ],
  "distributed_generation": {
    "solar_pv": {
    },
    "wind": {
    },
    "generator": {
    },
    "storage": {
    }
  }
}
