{
  "id": "1",
  "name": "Mixed_use 1",
  "directory_name": "/Users/tkwasnik/github/urbanopt-example-geojson-reopt-project/run/baseline_scenario/1",
  "feature_type": "Building",
  "timesteps_per_hour": 1,
  "simulation_status": "Complete",
  "timeseries_csv": {
    "path": "/Users/tkwasnik/github/urbanopt-example-geojson-reopt-project/run/baseline_scenario/1/010_default_feature_reports/default_feature_reports.csv",
    "first_report_datetime": "0",
    "column_names": [
      "Electricity:Facility",
      "ElectricityProduced:Facility",
      "Gas:Facility",
      "DistrictCooling:Facility",
      "DistrictHeating:Facility",
      "District Cooling Chilled Water Rate",
      "District Cooling Mass Flow Rate",
      "District Cooling Inlet Temperature",
      "District Cooling Outlet Temperature",
      "District Heating Hot Water Rate",
      "District Heating Mass Flow Rate",
      "District Heating Inlet Temperature",
      "District Heating Outlet Temperature"
    ]
  },
  "location": {
    "latitude": 42.93,
    "longitude": -78.73,
    "surface_elevation": 215.0
  },
  "program": {
    "floor_area": 751787.4549637988,
    "conditioned_area": 751787.4549637988,
    "unconditioned_area": 0.0,
    "footprint_area": 751787.4549637988,
    "maximum_roof_height": 12.0,
    "maximum_number_of_stories": 4,
    "number_of_residential_units": 1,
    "building_types": [
      {
        "building_type": "FullServiceRestaurant",
        "floor_area": 375893.7463428322,
        "maximum_occupancy": 19647.21433384717
      },
      {
        "building_type": "Office",
        "floor_area": 375893.7463428322,
        "maximum_occupancy": 1879.4687317141609
      }
    ],
    "window_area": {
      "north_window_area": 4078.768574203815,
      "south_window_area": 2345.6713580093824,
      "east_window_area": 8660.104125763806,
      "west_window_area": 8371.093131075151,
      "total_window_area": 23455.63718905216
    },
    "wall_area": {
      "north_wall_area": 13596.002886450216,
      "south_wall_area": 7819.012165802109,
      "east_wall_area": 28867.19315105297,
      "west_wall_area": 27903.500251444948,
      "total_wall_area": 78185.70845475025
    },
    "roof_area": {
      "total_roof_area": 187946.8731714161
    },
    "orientation": 0.0,
    "aspect_ratio": 0.4709845815388631
  },
  "construction_costs": [

  ],
  "reporting_periods": [
    {
      "start_date": {
        "month": 1,
        "day_of_month": 1,
        "year": "2018"
      },
      "end_date": {
        "month": 12,
        "day_of_month": 31,
        "year": "2018"
      },
      "total_site_energy": 180370962.85227752,
      "total_source_energy": 369021203.0322039,
      "net_site_energy": 180370962.85227752,
      "net_source_energy": 369021203.0322039,
      "electricity": 83292879.5018507,
      "natural_gas": 97078083.35042684,
      "additional_fuel": 0.0,
      "district_cooling": 0.0,
      "district_heating": 0.0,
      "water": 136162.1,
      "electricity_produced": 83292882.34530205,
      "end_uses": {
        "electricity": {
          "heating": 0.0,
          "cooling": 12592764.607681155,
          "interior_lighting": 15881851.144078821,
          "exterior_lighting": 4069471.7624076344,
          "interior_equipment": 33796068.62656067,
          "exterior_equipment": 0.0,
          "fans": 5814839.076779795,
          "pumps": 3161794.6971395854,
          "heat_rejection": 733572.538437695,
          "humidification": 0.0,
          "heat_recovery": 1887520.9260767524,
          "water_systems": 5354996.122688586,
          "refrigeration": 0.0,
          "generators": 0.0
        },
        "natural_gas": {
          "heating": 24595020.19306471,
          "cooling": 0.0,
          "interior_lighting": 0.0,
          "exterior_lighting": 0.0,
          "interior_equipment": 30427469.711939923,
          "exterior_equipment": 0.0,
          "fans": 0.0,
          "pumps": 0.0,
          "heat_rejection": 0.0,
          "humidification": 0.0,
          "heat_recovery": 0.0,
          "water_systems": 42055583.967251,
          "refrigeration": 0.0,
          "generators": 0.0
        },
        "additional_fuel": {
          "heating": 0.0,
          "cooling": 0.0,
          "interior_lighting": 0.0,
          "exterior_lighting": 0.0,
          "interior_equipment": 0.0,
          "exterior_equipment": 0.0,
          "fans": 0.0,
          "pumps": 0.0,
          "heat_rejection": 0.0,
          "humidification": 0.0,
          "heat_recovery": 0.0,
          "water_systems": 0.0,
          "refrigeration": 0.0,
          "generators": 0.0
        },
        "district_cooling": {
          "heating": 0.0,
          "cooling": 0.0,
          "interior_lighting": 0.0,
          "exterior_lighting": 0.0,
          "interior_equipment": 0.0,
          "exterior_equipment": 0.0,
          "fans": 0.0,
          "pumps": 0.0,
          "heat_rejection": 0.0,
          "humidification": 0.0,
          "heat_recovery": 0.0,
          "water_systems": 0.0,
          "refrigeration": 0.0,
          "generators": 0.0
        },
        "district_heating": {
          "heating": 0.0,
          "cooling": 0.0,
          "interior_lighting": 0.0,
          "exterior_lighting": 0.0,
          "interior_equipment": 0.0,
          "exterior_equipment": 0.0,
          "fans": 0.0,
          "pumps": 0.0,
          "heat_rejection": 0.0,
          "humidification": 0.0,
          "heat_recovery": 0.0,
          "water_systems": 0.0,
          "refrigeration": 0.0,
          "generators": 0.0
        },
        "water": {
          "heating": 0.0,
          "cooling": 0.0,
          "interior_lighting": 0.0,
          "exterior_lighting": 0.0,
          "interior_equipment": 0.0,
          "exterior_equipment": 0.0,
          "fans": 0.0,
          "pumps": 0.0,
          "heat_rejection": 37649675.039816946,
          "humidification": 0.0,
          "heat_recovery": 0.0,
          "water_systems": 91407094.47799699,
          "refrigeration": 0.0,
          "generators": 0.0
        }
      },
      "energy_production": {
        "electricity_produced": {
          "photovoltaic": 0.0
        }
      },
      "utility_costs": [
        {
        }
      ],
      "comfort_result": {
        "time_setpoint_not_met_during_occupied_cooling": 876.0,
        "time_setpoint_not_met_during_occupied_heating": 170.0,
        "time_setpoint_not_met_during_occupied_hours": 1046.0
      }
    }
  ],
  "distributed_generation": {
    "solar_pv": {
    },
    "wind": {
    },
    "generator": {
    },
    "storage": {
    }
  }
}
