{
  "SetRunPeriod": {
    "timesteps_per_hour": 1,
    "begin_date": "2019-01-01",
    "end_date": "2019-12-31",
    "applicable": true
  },
  "ChangeBuildingLocation": {
    "weather_file_name": "USA_NY_Buffalo-Greater.Buffalo.Intl.AP.725280_TMY3.epw",
    "climate_zone": "ASHRAE 169-2013-6A",
    "set_year": 0,
    "use_upstream_args": true,
    "epw_gsub": "Do Nothing",
    "reported_climate_zone": "ASHRAE 169-2013-6A",
    "applicable": true
  },
  "CreateBarFromBuildingTypeRatios": {
    "bldg_type_a": "FullServiceRestaurant",
    "bldg_type_a_num_units": 0,
    "bldg_type_b": "SmallOffice",
    "bldg_type_b_fract_bldg_area": 0.0,
    "bldg_type_b_num_units": 0,
    "bldg_type_c": "SmallOffice",
    "bldg_type_c_fract_bldg_area": 0.0,
    "bldg_type_c_num_units": 0,
    "bldg_type_d": "SmallOffice",
    "bldg_type_d_fract_bldg_area": 0.0,
    "bldg_type_d_num_units": 0,
    "total_bldg_floor_area": 10000.0,
    "single_floor_area": 41877.0,
    "floor_height": 10.0,
    "custom_height_bar": true,
    "num_stories_above_grade": 3.0,
    "num_stories_below_grade": 0,
    "building_rotation": 0.0,
    "template": "90.1-2013",
    "ns_to_ew_ratio": 0.0,
    "perim_mult": 0.0,
    "bar_sep_dist_mult": 10.0,
    "wwr": 0.0,
    "party_wall_fraction": 0.0,
    "party_wall_stories_north": 0,
    "party_wall_stories_south": 0,
    "party_wall_stories_east": 0,
    "party_wall_stories_west": 0,
    "bottom_story_ground_exposed_floor": true,
    "top_story_exterior_exposed_roof": true,
    "story_multiplier": "None",
    "make_mid_story_surfaces_adiabatic": false,
    "bar_division_method": "Multiple Space Types - Individual Stories Sliced",
    "double_loaded_corridor": "Primary Space Type",
    "space_type_sort_logic": "Building Type > Size",
    "use_upstream_args": true,
    "climate_zone": "Lookup From Stat File",
    "wall_area_ip": 24556.644721948513,
    "ns_wall_area_ip": 12278.322360974254,
    "ew_wall_area_ip": 12278.322360974256,
    "floor_area_to_perim_ratio": 15.593469398437305,
    "bar_width": 204.6387060162373,
    "applicable": true
  },
  "create_typical_building_from_model 1": {
    "template": "90.1-2013",
    "system_type": "Inferred",
    "hvac_delivery_type": "Forced Air",
    "htg_src": "NaturalGas",
    "clg_src": "Electricity",
    "swh_src": "Inferred",
    "kitchen_makeup": "Adjacent",
    "exterior_lighting_zone": "3 - All Other Areas",
    "add_constructions": true,
    "add_space_type_loads": true,
    "add_elevators": true,
    "add_internal_mass": true,
    "add_exterior_lights": true,
    "onsite_parking_fraction": 1.0,
    "add_exhaust": true,
    "add_swh": true,
    "add_thermostat": true,
    "add_hvac": false,
    "add_refrigeration": false,
    "modify_wkdy_op_hrs": false,
    "wkdy_op_hrs_start_time": 8.0,
    "wkdy_op_hrs_duration": 8.0,
    "modify_wknd_op_hrs": false,
    "wknd_op_hrs_start_time": 8.0,
    "wknd_op_hrs_duration": 8.0,
    "unmet_hours_tolerance": 1.0,
    "remove_objects": true,
    "use_upstream_args": true,
    "enable_dst": true,
    "climate_zone": "Lookup From Model",
    "applicable": true
  },
  "BlendedSpaceTypeFromModel": {
    "blend_method": "Building Story",
    "applicable": true
  },
  "UrbanGeometryCreation": {
    "geojson_file": "/Users/tkwasnik/github/urbanopt-example-reopt-project/example_project.json",
    "feature_id": "3",
    "surrounding_buildings": "ShadingOnly",
    "applicable": true
  },
  "create_typical_building_from_model 2": {
    "template": "90.1-2013",
    "system_type": "Inferred",
    "hvac_delivery_type": "Forced Air",
    "htg_src": "NaturalGas",
    "clg_src": "Electricity",
    "swh_src": "Inferred",
    "kitchen_makeup": "Adjacent",
    "exterior_lighting_zone": "3 - All Other Areas",
    "add_constructions": false,
    "add_space_type_loads": false,
    "add_elevators": false,
    "add_internal_mass": true,
    "add_exterior_lights": false,
    "onsite_parking_fraction": 1.0,
    "add_exhaust": false,
    "add_swh": false,
    "add_thermostat": true,
    "add_hvac": true,
    "add_refrigeration": false,
    "modify_wkdy_op_hrs": false,
    "wkdy_op_hrs_start_time": 8.0,
    "wkdy_op_hrs_duration": 8.0,
    "modify_wknd_op_hrs": false,
    "wknd_op_hrs_start_time": 8.0,
    "wknd_op_hrs_duration": 8.0,
    "unmet_hours_tolerance": 1.0,
    "remove_objects": false,
    "use_upstream_args": false,
    "enable_dst": true,
    "climate_zone": "Lookup From Model",
    "applicable": true
  },
  "PredictedMeanVote": {
    "comfortWarnings": true,
    "meanRadiantCalcType": "ZoneAveraged",
    "workEfficiencySchedule": "{415d312d-fa33-4a08-b969-0d5b83cd84a8}",
    "clothingSchedule": "{79510591-4304-475f-923a-0b24b59b850c}",
    "airVelocitySchedule": "{a26bb0b3-d7b0-4814-8b29-ebe0d277aece}",
    "reporting_frequency": "Timestep",
    "applicable": true
  },
  "DefaultFeatureReports": {
    "feature_id": "3",
    "feature_name": "Residential 1",
    "feature_type": "Building",
    "reporting_frequency": "Timestep",
    "applicable": true
  }
}