Time,1 ZONE VAV:DesPer 1:Des Heat Mass Flow [kg/s],1 ZONE VAV:DesPer 1:Des Heat Cap [W],1 ZONE VAV:DesPer 1:Des Cool Mass Flow [kg/s],1 ZONE VAV:DesPer 1:Des Sens Cool Cap [W],1 ZONE VAV:DesPer 1:Des Tot Cool Cap [W],1 ZONE VAV:DesPer 2:Des Heat Mass Flow [kg/s],1 ZONE VAV:DesPer 2:Des Heat Cap [W],1 ZONE VAV:DesPer 2:Des Cool Mass Flow [kg/s],1 ZONE VAV:DesPer 2:Des Sens Cool Cap [W],1 ZONE VAV:DesPer 2:Des Tot Cool Cap [W],1 ZONE VAV:DesPer 3:Des Heat Mass Flow [kg/s],1 ZONE VAV:DesPer 3:Des Heat Cap [W],1 ZONE VAV:DesPer 3:Des Cool Mass Flow [kg/s],1 ZONE VAV:DesPer 3:Des Sens Cool Cap [W],1 ZONE VAV:DesPer 3:Des Tot Cool Cap [W],1 ZONE VAV 1:DesPer 1:Des Heat Mass Flow [kg/s],1 ZONE VAV 1:DesPer 1:Des Heat Cap [W],1 ZONE VAV 1:DesPer 1:Des Cool Mass Flow [kg/s],1 ZONE VAV 1:DesPer 1:Des Sens Cool Cap [W],1 ZONE VAV 1:DesPer 1:Des Tot Cool Cap [W],1 ZONE VAV 1:DesPer 2:Des Heat Mass Flow [kg/s],1 ZONE VAV 1:DesPer 2:Des Heat Cap [W],1 ZONE VAV 1:DesPer 2:Des Cool Mass Flow [kg/s],1 ZONE VAV 1:DesPer 2:Des Sens Cool Cap [W],1 ZONE VAV 1:DesPer 2:Des Tot Cool Cap [W],1 ZONE VAV 1:DesPer 3:Des Heat Mass Flow [kg/s],1 ZONE VAV 1:DesPer 3:Des Heat Cap [W],1 ZONE VAV 1:DesPer 3:Des Cool Mass Flow [kg/s],1 ZONE VAV 1:DesPer 3:Des Sens Cool Cap [W],1 ZONE VAV 1:DesPer 3:Des Tot Cool Cap [W],1 ZONE VAV 2:DesPer 1:Des Heat Mass Flow [kg/s],1 ZONE VAV 2:DesPer 1:Des Heat Cap [W],1 ZONE VAV 2:DesPer 1:Des Cool Mass Flow [kg/s],1 ZONE VAV 2:DesPer 1:Des Sens Cool Cap [W],1 ZONE VAV 2:DesPer 1:Des Tot Cool Cap [W],1 ZONE VAV 2:DesPer 2:Des Heat Mass Flow [kg/s],1 ZONE VAV 2:DesPer 2:Des Heat Cap [W],1 ZONE VAV 2:DesPer 2:Des Cool Mass Flow [kg/s],1 ZONE VAV 2:DesPer 2:Des Sens Cool Cap [W],1 ZONE VAV 2:DesPer 2:Des Tot Cool Cap [W],1 ZONE VAV 2:DesPer 3:Des Heat Mass Flow [kg/s],1 ZONE VAV 2:DesPer 3:Des Heat Cap [W],1 ZONE VAV 2:DesPer 3:Des Cool Mass Flow [kg/s],1 ZONE VAV 2:DesPer 3:Des Sens Cool Cap [W],1 ZONE VAV 2:DesPer 3:Des Tot Cool Cap [W],1 ZONE VAV 3:DesPer 1:Des Heat Mass Flow [kg/s],1 ZONE VAV 3:DesPer 1:Des Heat Cap [W],1 ZONE VAV 3:DesPer 1:Des Cool Mass Flow [kg/s],1 ZONE VAV 3:DesPer 1:Des Sens Cool Cap [W],1 ZONE VAV 3:DesPer 1:Des Tot Cool Cap [W],1 ZONE VAV 3:DesPer 2:Des Heat Mass Flow [kg/s],1 ZONE VAV 3:DesPer 2:Des Heat Cap [W],1 ZONE VAV 3:DesPer 2:Des Cool Mass Flow [kg/s],1 ZONE VAV 3:DesPer 2:Des Sens Cool Cap [W],1 ZONE VAV 3:DesPer 2:Des Tot Cool Cap [W],1 ZONE VAV 3:DesPer 3:Des Heat Mass Flow [kg/s],1 ZONE VAV 3:DesPer 3:Des Heat Cap [W],1 ZONE VAV 3:DesPer 3:Des Cool Mass Flow [kg/s],1 ZONE VAV 3:DesPer 3:Des Sens Cool Cap [W],1 ZONE VAV 3:DesPer 3:Des Tot Cool Cap [W]
00:15:00,7.341052E+01,0.000000E+00,8.865484E+01,9.073125E+05,2.010515E+06,7.341052E+01,0.000000E+00,8.838389E+01,7.195468E+05,2.145825E+06,7.341052E+01,2.144986E+06,7.341052E+01,0.000000E+00,0.000000E+00,4.571445E+01,0.000000E+00,1.442304E+02,1.754786E+06,3.045723E+06,4.571445E+01,0.000000E+00,1.437319E+02,1.633324E+06,3.128780E+06,4.571445E+01,1.335733E+06,4.571445E+01,0.000000E+00,0.000000E+00,8.850914E+00,0.000000E+00,1.122796E+01,1.200287E+05,2.341497E+05,8.850914E+00,0.000000E+00,1.078683E+01,9.162251E+04,2.451457E+05,8.850914E+00,2.586153E+05,8.850914E+00,0.000000E+00,0.000000E+00,8.850914E+00,0.000000E+00,8.850914E+00,8.677548E+04,1.971933E+05,8.850914E+00,0.000000E+00,8.850914E+00,6.454069E+04,2.142397E+05,8.850914E+00,2.586153E+05,8.850914E+00,0.000000E+00,0.000000E+00
00:30:00,7.341052E+01,0.000000E+00,7.341052E+01,7.094355E+05,1.625000E+06,7.341052E+01,0.000000E+00,7.341052E+01,5.250175E+05,1.741526E+06,7.341052E+01,2.144986E+06,7.341052E+01,0.000000E+00,0.000000E+00,4.571445E+01,0.000000E+00,1.439949E+02,1.745743E+06,3.035566E+06,4.571445E+01,0.000000E+00,1.434964E+02,1.624279E+06,3.102999E+06,4.571445E+01,1.335733E+06,4.571445E+01,0.000000E+00,0.000000E+00,8.850914E+00,0.000000E+00,1.150157E+01,1.226159E+05,2.370450E+05,8.850914E+00,0.000000E+00,1.105568E+01,9.414316E+04,2.450831E+05,8.850914E+00,2.586153E+05,8.850914E+00,0.000000E+00,0.000000E+00,8.850914E+00,0.000000E+00,9.125958E+00,8.938223E+04,2.014879E+05,8.850914E+00,0.000000E+00,8.850914E+00,6.329999E+04,2.099712E+05,8.850914E+00,2.586153E+05,8.850914E+00,0.000000E+00,0.000000E+00
00:45:00,7.341052E+01,0.000000E+00,7.341052E+01,6.991450E+05,1.614456E+06,7.341052E+01,0.000000E+00,7.341052E+01,5.147270E+05,1.706325E+06,7.341052E+01,2.144986E+06,7.341052E+01,0.000000E+00,0.000000E+00,4.571445E+01,0.000000E+00,1.438647E+02,1.738064E+06,3.027689E+06,4.571445E+01,0.000000E+00,1.433663E+02,1.616603E+06,3.079627E+06,4.571445E+01,1.335733E+06,4.571445E+01,0.000000E+00,0.000000E+00,8.850914E+00,0.000000E+00,1.175020E+01,1.248538E+05,2.394780E+05,8.850914E+00,0.000000E+00,1.130049E+01,9.632766E+04,2.445865E+05,8.850914E+00,2.586153E+05,8.850914E+00,0.000000E+00,0.000000E+00,8.850914E+00,0.000000E+00,9.390346E+00,9.184012E+04,2.055519E+05,8.850914E+00,0.000000E+00,8.850914E+00,6.205928E+04,2.057271E+05,8.850914E+00,2.586153E+05,8.850914E+00,0.000000E+00,0.000000E+00
01:00:00,7.341052E+01,0.000000E+00,7.341052E+01,6.888545E+05,1.603912E+06,7.341052E+01,0.000000E+00,7.341052E+01,5.044365E+05,1.671324E+06,7.341052E+01,2.144986E+06,7.341052E+01,0.000000E+00,0.000000E+00,4.571445E+01,0.000000E+00,1.437496E+02,1.730265E+06,3.017923E+06,4.571445E+01,0.000000E+00,1.432513E+02,1.608806E+06,3.054502E+06,4.571445E+01,1.335733E+06,4.571445E+01,0.000000E+00,0.000000E+00,8.850914E+00,0.000000E+00,1.197922E+01,1.268171E+05,2.416573E+05,8.850914E+00,0.000000E+00,1.152586E+01,9.823982E+04,2.438428E+05,8.850914E+00,2.586153E+05,8.850914E+00,0.000000E+00,0.000000E+00,8.850914E+00,0.000000E+00,9.619919E+00,9.381086E+04,2.089004E+05,8.850914E+00,0.000000E+00,8.850914E+00,6.081858E+04,2.015072E+05,8.850914E+00,2.586153E+05,8.850914E+00,0.000000E+00,0.000000E+00
01:15:00,7.341052E+01,0.000000E+00,7.341052E+01,6.819941E+05,1.596882E+06,7.341052E+01,0.000000E+00,7.341052E+01,4.975761E+05,1.648102E+06,7.341052E+01,2.144986E+06,7.341052E+01,0.000000E+00,0.000000E+00,4.571445E+01,0.000000E+00,1.212386E+02,1.489657E+06,2.858093E+06,4.571445E+01,0.000000E+00,1.207892E+02,1.368436E+06,2.883526E+06,4.571445E+01,1.335733E+06,4.571445E+01,0.000000E+00,0.000000E+00,8.850914E+00,0.000000E+00,1.223598E+01,1.295819E+05,2.444123E+05,8.850914E+00,0.000000E+00,1.177942E+01,1.009599E+05,2.446718E+05,8.850914E+00,2.586153E+05,8.850914E+00,0.000000E+00,0.000000E+00,8.850914E+00,0.000000E+00,9.869886E+00,9.648044E+04,2.130094E+05,8.850914E+00,0.000000E+00,8.850914E+00,5.999145E+04,1.987073E+05,8.850914E+00,2.586153E+05,8.850914E+00,0.000000E+00,0.000000E+00
01:30:00,7.341052E+01,0.000000E+00,7.341052E+01,6.751338E+05,1.589852E+06,7.341052E+01,0.000000E+00,7.341052E+01,4.907158E+05,1.624967E+06,7.341052E+01,2.144986E+06,7.341052E+01,0.000000E+00,0.000000E+00,4.571445E+01,0.000000E+00,1.009639E+02,1.252153E+06,2.474794E+06,4.571445E+01,0.000000E+00,1.005516E+02,1.131060E+06,2.489394E+06,4.571445E+01,1.335733E+06,4.571445E+01,0.000000E+00,0.000000E+00,8.850914E+00,0.000000E+00,1.248402E+01,1.322247E+05,2.473316E+05,8.850914E+00,0.000000E+00,1.202469E+01,1.035638E+05,2.456884E+05,8.850914E+00,2.586153E+05,8.850914E+00,0.000000E+00,0.000000E+00,8.850914E+00,0.000000E+00,1.010626E+01,9.895983E+04,2.168974E+05,8.850914E+00,0.000000E+00,8.850914E+00,5.916431E+04,1.959181E+05,8.891554E+00,2.585003E+05,8.850914E+00,0.000000E+00,0.000000E+00
01:45:00,7.341052E+01,0.000000E+00,7.341052E+01,6.682734E+05,1.582823E+06,7.341052E+01,0.000000E+00,7.341052E+01,4.838554E+05,1.601921E+06,7.341052E+01,2.144986E+06,7.341052E+01,0.000000E+00,0.000000E+00,4.571445E+01,0.000000E+00,8.066618E+01,9.772465E+05,2.058508E+06,4.571445E+01,0.000000E+00,8.029507E+01,8.564193E+05,2.061966E+06,4.571445E+01,1.335733E+06,4.571445E+01,0.000000E+00,0.000000E+00,8.850914E+00,0.000000E+00,1.272231E+01,1.347310E+05,2.499942E+05,8.850914E+00,0.000000E+00,1.226007E+01,1.060294E+05,2.464364E+05,8.850914E+00,2.586153E+05,8.850914E+00,0.000000E+00,0.000000E+00,8.850914E+00,0.000000E+00,1.032328E+01,1.011682E+05,2.203457E+05,8.850914E+00,0.000000E+00,8.850914E+00,5.833718E+04,1.931394E+05,9.357295E+00,2.571820E+05,8.850914E+00,0.000000E+00,0.000000E+00
02:00:00,7.341052E+01,0.000000E+00,7.341052E+01,6.614131E+05,1.575793E+06,7.341052E+01,0.000000E+00,7.341052E+01,4.769951E+05,1.578962E+06,7.341052E+01,2.144986E+06,7.341052E+01,0.000000E+00,0.000000E+00,4.571445E+01,0.000000E+00,6.144630E+01,6.801844E+05,1.501599E+06,4.571445E+01,0.000000E+00,6.111122E+01,5.596160E+05,1.493995E+06,4.571445E+01,1.335733E+06,4.571445E+01,0.000000E+00,0.000000E+00,8.850914E+00,0.000000E+00,1.295531E+01,1.371635E+05,2.525837E+05,8.850914E+00,0.000000E+00,1.249065E+01,1.084280E+05,2.471218E+05,8.850914E+00,2.586153E+05,8.850914E+00,0.000000E+00,0.000000E+00,8.850914E+00,0.000000E+00,1.053389E+01,1.032871E+05,2.236520E+05,8.850914E+00,0.000000E+00,8.850914E+00,5.751005E+04,1.903713E+05,9.786498E+00,2.559674E+05,8.850914E+00,0.000000E+00,0.000000E+00
02:15:00,7.341052E+01,0.000000E+00,7.341052E+01,6.562678E+05,1.570521E+06,7.341052E+01,0.000000E+00,7.341052E+01,4.718498E+05,1.561800E+06,7.341052E+01,2.144986E+06,7.341052E+01,0.000000E+00,0.000000E+00,4.571445E+01,0.000000E+00,6.524506E+01,7.450567E+05,1.652893E+06,4.571445E+01,0.000000E+00,6.489789E+01,6.242307E+05,1.637551E+06,4.571445E+01,1.335733E+06,4.571445E+01,0.000000E+00,0.000000E+00,8.850914E+00,0.000000E+00,1.318374E+01,1.397383E+05,2.551782E+05,8.850914E+00,0.000000E+00,1.271718E+01,1.109761E+05,2.482773E+05,8.850914E+00,2.586153E+05,8.850914E+00,0.000000E+00,0.000000E+00,8.850914E+00,0.000000E+00,1.073841E+01,1.055268E+05,2.269674E+05,8.850914E+00,0.000000E+00,8.850914E+00,5.688969E+04,1.883021E+05,1.018608E+01,2.548367E+05,8.850914E+00,0.000000E+00,0.000000E+00
02:30:00,7.341052E+01,0.000000E+00,7.341052E+01,6.511225E+05,1.565249E+06,7.341052E+01,0.000000E+00,7.341052E+01,4.667046E+05,1.544686E+06,7.341052E+01,2.144986E+06,7.341052E+01,0.000000E+00,0.000000E+00,4.571445E+01,0.000000E+00,6.703047E+01,7.734991E+05,1.718826E+06,4.571445E+01,0.000000E+00,6.668223E+01,6.526447E+05,1.696254E+06,4.571445E+01,1.335733E+06,4.571445E+01,0.000000E+00,0.000000E+00,8.850914E+00,0.000000E+00,1.340509E+01,1.422141E+05,2.576423E+05,8.850914E+00,0.000000E+00,1.293637E+01,1.134216E+05,2.492883E+05,8.850914E+00,2.586153E+05,8.850914E+00,0.000000E+00,0.000000E+00,8.850914E+00,0.000000E+00,1.092534E+01,1.075204E+05,2.298993E+05,8.850914E+00,0.000000E+00,8.850914E+00,5.626934E+04,1.862388E+05,1.055938E+01,2.537806E+05,8.850914E+00,0.000000E+00,0.000000E+00
02:45:00,7.341052E+01,0.000000E+00,7.341052E+01,6.459773E+05,1.559977E+06,7.341052E+01,0.000000E+00,7.341052E+01,4.615593E+05,1.527621E+06,7.341052E+01,2.144986E+06,7.341052E+01,0.000000E+00,0.000000E+00,4.571445E+01,0.000000E+00,6.899424E+01,8.040993E+05,1.779857E+06,4.571445E+01,0.000000E+00,6.864022E+01,6.831463E+05,1.750022E+06,4.571445E+01,1.335733E+06,4.571445E+01,0.000000E+00,0.000000E+00,8.850914E+00,0.000000E+00,1.362208E+01,1.446292E+05,2.600473E+05,8.850914E+00,0.000000E+00,1.315134E+01,1.158083E+05,2.502380E+05,8.850914E+00,2.586153E+05,8.850914E+00,0.000000E+00,0.000000E+00,8.850914E+00,0.000000E+00,1.110316E+01,1.093867E+05,2.326335E+05,8.850914E+00,0.000000E+00,8.850914E+00,5.564899E+04,1.841813E+05,1.090906E+01,2.527913E+05,8.850914E+00,0.000000E+00,0.000000E+00
03:00:00,7.341052E+01,0.000000E+00,7.341052E+01,6.408320E+05,1.554705E+06,7.341052E+01,0.000000E+00,7.341052E+01,4.564140E+05,1.510605E+06,7.341052E+01,2.144986E+06,7.341052E+01,0.000000E+00,0.000000E+00,4.571445E+01,0.000000E+00,7.010209E+01,8.199369E+05,1.808173E+06,4.571445E+01,0.000000E+00,6.974706E+01,6.989674E+05,1.771142E+06,4.571445E+01,1.335733E+06,4.571445E+01,0.000000E+00,0.000000E+00,8.850914E+00,0.000000E+00,1.383485E+01,1.469854E+05,2.624038E+05,8.850914E+00,0.000000E+00,1.336221E+01,1.181381E+05,2.511396E+05,8.850914E+00,2.586153E+05,8.850914E+00,0.000000E+00,0.000000E+00,8.850914E+00,0.000000E+00,1.127321E+01,1.111448E+05,2.352047E+05,8.850914E+00,0.000000E+00,8.850914E+00,5.502864E+04,1.821297E+05,1.123756E+01,2.518621E+05,8.850914E+00,0.000000E+00,0.000000E+00
03:15:00,7.341052E+01,0.000000E+00,7.341052E+01,6.356868E+05,1.549433E+06,7.341052E+01,0.000000E+00,7.341052E+01,4.512688E+05,1.493636E+06,7.341052E+01,2.144986E+06,7.341052E+01,0.000000E+00,0.000000E+00,4.571445E+01,0.000000E+00,7.099954E+01,8.321764E+05,1.829842E+06,4.571445E+01,0.000000E+00,7.064295E+01,7.111802E+05,1.785557E+06,4.571445E+01,1.335733E+06,4.571445E+01,0.000000E+00,0.000000E+00,8.850914E+00,0.000000E+00,1.404269E+01,1.492727E+05,2.647007E+05,8.850914E+00,0.000000E+00,1.356820E+01,1.203995E+05,2.519818E+05,8.850914E+00,2.586153E+05,8.850914E+00,0.000000E+00,0.000000E+00,8.850914E+00,0.000000E+00,1.143145E+01,1.127379E+05,2.375365E+05,8.850914E+00,0.000000E+00,8.961321E+00,5.595253E+04,1.825184E+05,1.154691E+01,2.509870E+05,8.850914E+00,0.000000E+00,0.000000E+00
03:30:00,7.341052E+01,0.000000E+00,7.341052E+01,6.305415E+05,1.544160E+06,7.341052E+01,0.000000E+00,7.341052E+01,4.461235E+05,1.476716E+06,7.341052E+01,2.144986E+06,7.341052E+01,0.000000E+00,0.000000E+00,4.571445E+01,0.000000E+00,7.181075E+01,8.429582E+05,1.849521E+06,4.571445E+01,0.000000E+00,7.145281E+01,7.219386E+05,1.797989E+06,4.571445E+01,1.335733E+06,4.571445E+01,0.000000E+00,0.000000E+00,8.850914E+00,0.000000E+00,1.424591E+01,1.514954E+05,2.669402E+05,8.850914E+00,0.000000E+00,1.376968E+01,1.225978E+05,2.527687E+05,8.850914E+00,2.586153E+05,8.850914E+00,0.000000E+00,0.000000E+00,8.850914E+00,0.000000E+00,1.157988E+01,1.141937E+05,2.396703E+05,8.850914E+00,0.000000E+00,9.104805E+00,5.733909E+04,1.835927E+05,1.183883E+01,2.501613E+05,8.850914E+00,0.000000E+00,0.000000E+00
03:45:00,7.341052E+01,0.000000E+00,7.341052E+01,6.253962E+05,1.538887E+06,7.341052E+01,0.000000E+00,7.341052E+01,4.409782E+05,1.459844E+06,7.341052E+01,2.144986E+06,7.341052E+01,0.000000E+00,0.000000E+00,4.571445E+01,0.000000E+00,7.255532E+01,8.526048E+05,1.867318E+06,4.571445E+01,0.000000E+00,7.219614E+01,7.315638E+05,1.808558E+06,4.571445E+01,1.335733E+06,4.571445E+01,0.000000E+00,0.000000E+00,8.850914E+00,0.000000E+00,1.444454E+01,1.536539E+05,2.691214E+05,8.850914E+00,0.000000E+00,1.396665E+01,1.247331E+05,2.534994E+05,8.850914E+00,2.586153E+05,8.850914E+00,0.000000E+00,0.000000E+00,8.850914E+00,0.000000E+00,1.171881E+01,1.155166E+05,2.416146E+05,8.850914E+00,0.000000E+00,9.239113E+00,5.859731E+04,1.844229E+05,1.211478E+01,2.493808E+05,8.850914E+00,0.000000E+00,0.000000E+00
04:00:00,7.341052E+01,0.000000E+00,7.341052E+01,6.202510E+05,1.533615E+06,7.341052E+01,0.000000E+00,7.341052E+01,4.358330E+05,1.443019E+06,7.341052E+01,2.144986E+06,7.341052E+01,0.000000E+00,0.000000E+00,4.571445E+01,0.000000E+00,7.324655E+01,8.613346E+05,1.883321E+06,4.571445E+01,0.000000E+00,7.288622E+01,7.402738E+05,1.817361E+06,4.571445E+01,1.335733E+06,4.571445E+01,0.000000E+00,0.000000E+00,8.850914E+00,0.000000E+00,1.463865E+01,1.557491E+05,2.712443E+05,8.850914E+00,0.000000E+00,1.415919E+01,1.268063E+05,2.541743E+05,8.850914E+00,2.586153E+05,8.850914E+00,0.000000E+00,0.000000E+00,8.850914E+00,0.000000E+00,1.184880E+01,1.167145E+05,2.433825E+05,8.850914E+00,0.000000E+00,9.364781E+00,5.973468E+04,1.850302E+05,1.237599E+01,2.486420E+05,8.850914E+00,0.000000E+00,0.000000E+00
04:15:00,7.341052E+01,0.000000E+00,7.341052E+01,6.168208E+05,1.530101E+06,7.341052E+01,0.000000E+00,7.341052E+01,4.324028E+05,1.431829E+06,7.341052E+01,2.144986E+06,7.341052E+01,0.000000E+00,0.000000E+00,4.571445E+01,0.000000E+00,7.389438E+01,8.703832E+05,1.898929E+06,4.571445E+01,0.000000E+00,7.353298E+01,7.493039E+05,1.828185E+06,4.571445E+01,1.335733E+06,4.571445E+01,0.000000E+00,0.000000E+00,8.850914E+00,0.000000E+00,1.482895E+01,1.579978E+05,2.735299E+05,8.850914E+00,0.000000E+00,1.434801E+01,1.290343E+05,2.554786E+05,8.850914E+00,2.586153E+05,8.850914E+00,0.000000E+00,0.000000E+00,8.850914E+00,0.000000E+00,1.197445E+01,1.180585E+05,2.452770E+05,8.850914E+00,0.000000E+00,9.486454E+00,6.102299E+04,1.861953E+05,1.262352E+01,2.479419E+05,8.850914E+00,0.000000E+00,0.000000E+00
04:30:00,7.341052E+01,0.000000E+00,7.341052E+01,6.133906E+05,1.526586E+06,7.341052E+01,0.000000E+00,7.341052E+01,4.289726E+05,1.420660E+06,7.341052E+01,2.144986E+06,7.341052E+01,0.000000E+00,0.000000E+00,4.571445E+01,0.000000E+00,7.450576E+01,8.788020E+05,1.913360E+06,4.571445E+01,0.000000E+00,7.414337E+01,7.577059E+05,1.837845E+06,4.571445E+01,1.335733E+06,4.571445E+01,0.000000E+00,0.000000E+00,8.850914E+00,0.000000E+00,1.501549E+01,1.601939E+05,2.757672E+05,8.850914E+00,0.000000E+00,1.453317E+01,1.312111E+05,2.567371E+05,8.850914E+00,2.586153E+05,8.850914E+00,0.000000E+00,0.000000E+00,8.850914E+00,0.000000E+00,1.209639E+01,1.193504E+05,2.470975E+05,8.850914E+00,0.000000E+00,9.604650E+00,6.226265E+04,1.872589E+05,1.285828E+01,2.472780E+05,8.850914E+00,0.000000E+00,0.000000E+00
04:45:00,7.341052E+01,0.000000E+00,7.341052E+01,6.099605E+05,1.523071E+06,7.341052E+01,0.000000E+00,7.341052E+01,4.255425E+05,1.409512E+06,7.341052E+01,2.144986E+06,7.341052E+01,0.000000E+00,0.000000E+00,4.571445E+01,0.000000E+00,7.508588E+01,8.866812E+05,1.926850E+06,4.571445E+01,0.000000E+00,7.472260E+01,7.655696E+05,1.846577E+06,4.571445E+01,1.335733E+06,4.571445E+01,0.000000E+00,0.000000E+00,8.850914E+00,0.000000E+00,1.519834E+01,1.623384E+05,2.779566E+05,8.850914E+00,0.000000E+00,1.471467E+01,1.333367E+05,2.579502E+05,8.850914E+00,2.586153E+05,8.850914E+00,0.000000E+00,0.000000E+00,8.850914E+00,0.000000E+00,1.221527E+01,1.205997E+05,2.488572E+05,8.850914E+00,0.000000E+00,9.720188E+00,6.346515E+04,1.882437E+05,1.308103E+01,2.466481E+05,8.850914E+00,0.000000E+00,0.000000E+00
05:00:00,7.341052E+01,0.000000E+00,7.341052E+01,6.065303E+05,1.519557E+06,7.341052E+01,0.000000E+00,7.341052E+01,4.221123E+05,1.398384E+06,7.341052E+01,2.144986E+06,7.341052E+01,0.000000E+00,0.000000E+00,4.571445E+01,0.000000E+00,7.564722E+01,8.942362E+05,1.939826E+06,4.571445E+01,0.000000E+00,7.528350E+01,7.731170E+05,1.854822E+06,4.571445E+01,1.335733E+06,4.571445E+01,0.000000E+00,0.000000E+00,8.850914E+00,0.000000E+00,1.538748E+01,1.645707E+05,2.802453E+05,8.850914E+00,0.000000E+00,1.490272E+01,1.355539E+05,2.592706E+05,8.850914E+00,2.586153E+05,8.850914E+00,0.000000E+00,0.000000E+00,8.850914E+00,0.000000E+00,1.234283E+01,1.219704E+05,2.507834E+05,8.850914E+00,0.000000E+00,9.844656E+00,6.479256E+04,1.893962E+05,1.329241E+01,2.460505E+05,8.850914E+00,0.000000E+00,0.000000E+00
05:15:00,7.341052E+01,0.000000E+00,7.341052E+01,6.099605E+05,1.523071E+06,7.341052E+01,0.000000E+00,7.341052E+01,4.255425E+05,1.409512E+06,7.341052E+01,2.144986E+06,7.341052E+01,0.000000E+00,0.000000E+00,4.571445E+01,0.000000E+00,8.616679E+01,1.060252E+06,2.161629E+06,4.571445E+01,0.000000E+00,8.578744E+01,9.390284E+05,2.082398E+06,4.571445E+01,1.335733E+06,4.571445E+01,0.000000E+00,0.000000E+00,8.850914E+00,0.000000E+00,1.947830E+01,2.197466E+05,3.379631E+05,8.850914E+00,0.000000E+00,1.897538E+01,1.905875E+05,3.180679E+05,8.850914E+00,2.586153E+05,8.850914E+00,0.000000E+00,0.000000E+00,8.850914E+00,0.000000E+00,1.649226E+01,1.786345E+05,3.251575E+05,8.850914E+00,0.000000E+00,1.391602E+01,1.209549E+05,2.703337E+05,1.806468E+01,2.293183E+05,8.850914E+00,0.000000E+00,0.000000E+00
05:30:00,7.341052E+01,0.000000E+00,7.341052E+01,6.133906E+05,1.526586E+06,7.341052E+01,0.000000E+00,7.341052E+01,4.289726E+05,1.420660E+06,7.341052E+01,2.144986E+06,7.341052E+01,0.000000E+00,0.000000E+00,4.571445E+01,0.000000E+00,9.349555E+01,1.162136E+06,2.301880E+06,4.571445E+01,0.000000E+00,9.309587E+01,1.040767E+06,2.227637E+06,4.571445E+01,1.335733E+06,4.571445E+01,0.000000E+00,0.000000E+00,8.850914E+00,0.000000E+00,2.059928E+01,2.326316E+05,3.512090E+05,8.850914E+00,0.000000E+00,2.006939E+01,2.032341E+05,3.320031E+05,8.850914E+00,2.586153E+05,8.850914E+00,0.000000E+00,0.000000E+00,8.850914E+00,0.000000E+00,1.764248E+01,1.926629E+05,3.422532E+05,8.850914E+00,0.000000E+00,1.494340E+01,1.339683E+05,2.882084E+05,1.882228E+01,2.218883E+05,8.850914E+00,0.000000E+00,0.000000E+00
05:45:00,7.341052E+01,0.000000E+00,7.341052E+01,6.168208E+05,1.530101E+06,7.341052E+01,0.000000E+00,7.341052E+01,4.324028E+05,1.431829E+06,7.341052E+01,2.144986E+06,7.341052E+01,0.000000E+00,0.000000E+00,4.571445E+01,0.000000E+00,1.037192E+02,1.302292E+06,2.498461E+06,4.571445E+01,0.000000E+00,1.033002E+02,1.180815E+06,2.429471E+06,4.571445E+01,1.335733E+06,4.571445E+01,0.000000E+00,0.000000E+00,8.850914E+00,0.000000E+00,2.382854E+01,2.728982E+05,3.933163E+05,8.850914E+00,0.000000E+00,2.328592E+01,2.434635E+05,3.752250E+05,8.850914E+00,2.586153E+05,8.850914E+00,0.000000E+00,0.000000E+00,8.850914E+00,0.000000E+00,2.099188E+01,2.352524E+05,3.973611E+05,8.850914E+00,0.000000E+00,1.824136E+01,1.765456E+05,3.478780E+05,2.216570E+01,2.028788E+05,8.850914E+00,0.000000E+00,0.000000E+00
06:00:00,7.341052E+01,0.000000E+00,7.850647E+01,6.882233E+05,1.671360E+06,7.341052E+01,0.000000E+00,7.819998E+01,4.997178E+05,1.571743E+06,7.341052E+01,2.144986E+06,7.341052E+01,0.000000E+00,0.000000E+00,4.571445E+01,0.000000E+00,1.130995E+02,1.419215E+06,2.655782E+06,4.571445E+01,0.000000E+00,1.126606E+02,1.297641E+06,2.591746E+06,4.571445E+01,1.335733E+06,4.571445E+01,0.000000E+00,0.000000E+00,8.850914E+00,0.000000E+00,2.644834E+01,3.036165E+05,4.249598E+05,8.850914E+00,0.000000E+00,2.588824E+01,2.740894E+05,4.077576E+05,8.850914E+00,2.586153E+05,8.850914E+00,0.000000E+00,0.000000E+00,8.850914E+00,0.000000E+00,2.373127E+01,2.682249E+05,4.373949E+05,8.850914E+00,0.000000E+00,2.090450E+01,2.092107E+05,3.905967E+05,2.467550E+01,1.844291E+05,8.850914E+00,0.000000E+00,0.000000E+00
06:15:00,7.341052E+01,0.000000E+00,9.165965E+01,8.671532E+05,1.967584E+06,7.341052E+01,0.000000E+00,9.129150E+01,6.780033E+05,1.895731E+06,7.341052E+01,2.144986E+06,7.341052E+01,0.000000E+00,0.000000E+00,4.571445E+01,0.000000E+00,1.254622E+02,1.581344E+06,2.817396E+06,4.571445E+01,0.000000E+00,1.249943E+02,1.459527E+06,2.770468E+06,4.571445E+01,1.335733E+06,4.571445E+01,0.000000E+00,0.000000E+00,8.850914E+00,0.000000E+00,2.938491E+01,3.400307E+05,4.665315E+05,8.850914E+00,0.000000E+00,2.881298E+01,3.104471E+05,4.524111E+05,8.850914E+00,2.586153E+05,8.850914E+00,0.000000E+00,0.000000E+00,8.850914E+00,0.000000E+00,2.677820E+01,3.065083E+05,4.827496E+05,8.850914E+00,0.000000E+00,2.389728E+01,2.472622E+05,4.401976E+05,2.837664E+01,1.574978E+05,8.850914E+00,0.000000E+00,0.000000E+00
06:30:00,7.341052E+01,0.000000E+00,1.061199E+02,1.048854E+06,2.258319E+06,7.341052E+01,0.000000E+00,1.057339E+02,8.596735E+05,2.214852E+06,7.341052E+01,2.144986E+06,7.341052E+01,0.000000E+00,0.000000E+00,4.571445E+01,0.000000E+00,1.373985E+02,1.720436E+06,2.970879E+06,4.571445E+01,0.000000E+00,1.369066E+02,1.598507E+06,2.941275E+06,4.571445E+01,1.335733E+06,4.571445E+01,0.000000E+00,0.000000E+00,8.850914E+00,0.000000E+00,3.324386E+01,3.867633E+05,5.243131E+05,8.850914E+00,0.000000E+00,3.267064E+01,3.572636E+05,5.135184E+05,8.850914E+00,2.586153E+05,8.850914E+00,0.000000E+00,0.000000E+00,8.850914E+00,0.000000E+00,3.084148E+01,3.562780E+05,5.483834E+05,8.850914E+00,0.000000E+00,2.795882E+01,2.975151E+05,5.115344E+05,3.197333E+01,1.272541E+05,8.850914E+00,0.000000E+00,0.000000E+00
06:45:00,7.341052E+01,0.000000E+00,1.160140E+02,1.162110E+06,2.415845E+06,7.341052E+01,0.000000E+00,1.156041E+02,9.728372E+05,2.399841E+06,7.341052E+01,2.144986E+06,7.341052E+01,0.000000E+00,0.000000E+00,4.571445E+01,0.000000E+00,1.492227E+02,1.846258E+06,3.122222E+06,4.571445E+01,0.000000E+00,1.487083E+02,1.724262E+06,3.110122E+06,4.571445E+01,1.335733E+06,4.571445E+01,0.000000E+00,0.000000E+00,8.850914E+00,0.000000E+00,3.629239E+01,4.220092E+05,5.678090E+05,8.850914E+00,0.000000E+00,3.570552E+01,3.924397E+05,5.603607E+05,8.850914E+00,2.586153E+05,8.850914E+00,0.000000E+00,0.000000E+00,8.850914E+00,0.000000E+00,3.407072E+01,3.941957E+05,5.992385E+05,8.850914E+00,0.000000E+00,3.112397E+01,3.351371E+05,5.673306E+05,3.528492E+01,9.516175E+04,8.850914E+00,0.000000E+00,0.000000E+00
07:00:00,7.341052E+01,0.000000E+00,1.269970E+02,1.278034E+06,2.568950E+06,7.341052E+01,0.000000E+00,1.265636E+02,1.088685E+06,2.581442E+06,7.341052E+01,2.144986E+06,7.341052E+01,0.000000E+00,0.000000E+00,4.571445E+01,0.000000E+00,1.608902E+02,1.958223E+06,3.272624E+06,4.571445E+01,0.000000E+00,1.603533E+02,1.836182E+06,3.278080E+06,4.571445E+01,1.335733E+06,4.571445E+01,0.000000E+00,0.000000E+00,8.850914E+00,0.000000E+00,3.954206E+01,4.586578E+05,6.173523E+05,8.850914E+00,0.000000E+00,3.894564E+01,4.290739E+05,6.133255E+05,8.850914E+00,2.586153E+05,8.850914E+00,0.000000E+00,0.000000E+00,8.850914E+00,0.000000E+00,3.757011E+01,4.343057E+05,6.533635E+05,8.850914E+00,0.000000E+00,3.458545E+01,3.752973E+05,6.267757E+05,3.847839E+01,6.052035E+04,8.850914E+00,0.000000E+00,0.000000E+00
07:15:00,7.341052E+01,0.000000E+00,1.257636E+02,1.286788E+06,2.561746E+06,7.341052E+01,0.000000E+00,1.253329E+02,1.097522E+06,2.643465E+06,7.341052E+01,2.144986E+06,7.341052E+01,0.000000E+00,0.000000E+00,4.571445E+01,0.000000E+00,1.591299E+02,1.938717E+06,3.250966E+06,4.571445E+01,0.000000E+00,1.585952E+02,1.816777E+06,3.299566E+06,4.571445E+01,1.335733E+06,4.571445E+01,0.000000E+00,0.000000E+00,8.850914E+00,0.000000E+00,4.381028E+01,5.079660E+05,6.750527E+05,8.850914E+00,0.000000E+00,4.319081E+01,4.782161E+05,6.794494E+05,8.850914E+00,2.586153E+05,8.850914E+00,0.000000E+00,0.000000E+00,8.850914E+00,0.000000E+00,4.222770E+01,4.887002E+05,7.161516E+05,8.850914E+00,0.000000E+00,3.917385E+01,4.294207E+05,7.010508E+05,4.071893E+01,3.156177E+04,8.850914E+00,0.000000E+00,0.000000E+00
07:30:00,7.341052E+01,0.000000E+00,1.276425E+02,1.337075E+06,2.629553E+06,7.341052E+01,0.000000E+00,1.272187E+02,1.147887E+06,2.781861E+06,7.341052E+01,2.144986E+06,7.341052E+01,0.000000E+00,0.000000E+00,4.571445E+01,0.000000E+00,1.607241E+02,1.977921E+06,3.308416E+06,4.571445E+01,0.000000E+00,1.601919E+02,1.856016E+06,3.401266E+06,4.571445E+01,1.335733E+06,4.571445E+01,0.000000E+00,0.000000E+00,8.850914E+00,0.000000E+00,4.711090E+01,5.418899E+05,7.104517E+05,8.850914E+00,0.000000E+00,4.646806E+01,5.120173E+05,7.234870E+05,8.850914E+00,2.586153E+05,8.850914E+00,0.000000E+00,0.000000E+00,8.850914E+00,0.000000E+00,4.598549E+01,5.284374E+05,7.565474E+05,8.850914E+00,0.000000E+00,4.285218E+01,4.689764E+05,7.527894E+05,4.369651E+01,0.000000E+00,8.850914E+00,0.000000E+00,0.000000E+00
07:45:00,7.341052E+01,0.000000E+00,1.259385E+02,1.347088E+06,2.632062E+06,7.341052E+01,0.000000E+00,1.255161E+02,1.157915E+06,2.856284E+06,7.341052E+01,2.144986E+06,7.341052E+01,0.000000E+00,0.000000E+00,4.571445E+01,0.000000E+00,1.592258E+02,1.976213E+06,3.300045E+06,4.571445E+01,0.000000E+00,1.586941E+02,1.854313E+06,3.438009E+06,4.571445E+01,1.335733E+06,4.571445E+01,0.000000E+00,0.000000E+00,8.850914E+00,0.000000E+00,5.077574E+01,5.783816E+05,7.483840E+05,8.850914E+00,0.000000E+00,5.011302E+01,5.484388E+05,7.704385E+05,1.068287E+01,2.444908E+05,8.850914E+00,0.000000E+00,0.000000E+00,8.850914E+00,0.000000E+00,5.018514E+01,5.714218E+05,8.055488E+05,8.850914E+00,0.000000E+00,4.698603E+01,5.119778E+05,8.150878E+05,4.584377E+01,0.000000E+00,8.850914E+00,0.000000E+00,0.000000E+00
08:00:00,7.341052E+01,0.000000E+00,1.252909E+02,1.369005E+06,2.651955E+06,7.341052E+01,0.000000E+00,1.248700E+02,1.179848E+06,2.949869E+06,7.341052E+01,2.144986E+06,7.341052E+01,0.000000E+00,0.000000E+00,4.571445E+01,0.000000E+00,1.584852E+02,1.984583E+06,3.307950E+06,4.571445E+01,0.000000E+00,1.579546E+02,1.862697E+06,3.492258E+06,4.571445E+01,1.335733E+06,4.571445E+01,0.000000E+00,0.000000E+00,8.850914E+00,0.000000E+00,5.423073E+01,6.106461E+05,7.825525E+05,8.850914E+00,0.000000E+00,5.354866E+01,5.806492E+05,8.140784E+05,1.207140E+01,2.326569E+05,8.850914E+00,0.000000E+00,0.000000E+00,8.850914E+00,0.000000E+00,5.422822E+01,6.105183E+05,8.484011E+05,8.850914E+00,0.000000E+00,5.096235E+01,5.511124E+05,8.736605E+05,4.812856E+01,0.000000E+00,8.850914E+00,0.000000E+00,0.000000E+00
08:15:00,7.341052E+01,0.000000E+00,1.248964E+02,1.397067E+06,2.678183E+06,7.341052E+01,0.000000E+00,1.244767E+02,1.207923E+06,3.060463E+06,7.341052E+01,2.144986E+06,7.341052E+01,0.000000E+00,0.000000E+00,4.571445E+01,0.000000E+00,1.579731E+02,1.997870E+06,3.320516E+06,4.571445E+01,0.000000E+00,1.574435E+02,1.875997E+06,3.557812E+06,4.571445E+01,1.335733E+06,4.571445E+01,0.000000E+00,0.000000E+00,8.850914E+00,0.000000E+00,5.227450E+01,5.881792E+05,7.569702E+05,8.850914E+00,0.000000E+00,5.159912E+01,5.583260E+05,7.991786E+05,1.034377E+01,2.462834E+05,8.850914E+00,0.000000E+00,0.000000E+00,8.850914E+00,0.000000E+00,5.273340E+01,5.932672E+05,8.239959E+05,8.850914E+00,0.000000E+00,4.949167E+01,5.344582E+05,8.637474E+05,4.531442E+01,0.000000E+00,8.850914E+00,0.000000E+00,0.000000E+00
08:30:00,7.341052E+01,0.000000E+00,1.245331E+02,1.425413E+06,2.704977E+06,7.341052E+01,0.000000E+00,1.241144E+02,1.236282E+06,3.173773E+06,7.341052E+01,2.144986E+06,7.341052E+01,0.000000E+00,0.000000E+00,4.571445E+01,0.000000E+00,1.574797E+02,2.011251E+06,3.332818E+06,4.571445E+01,0.000000E+00,1.569510E+02,1.889389E+06,3.624460E+06,4.571445E+01,1.335733E+06,4.571445E+01,0.000000E+00,0.000000E+00,8.850914E+00,0.000000E+00,5.320931E+01,6.026325E+05,7.732345E+05,8.850914E+00,0.000000E+00,5.252081E+01,5.726312E+05,8.263759E+05,1.191323E+01,2.333193E+05,8.850914E+00,0.000000E+00,0.000000E+00,8.850914E+00,0.000000E+00,5.412679E+01,6.128811E+05,8.469344E+05,8.850914E+00,0.000000E+00,5.089757E+01,5.542080E+05,9.044035E+05,4.563718E+01,0.000000E+00,8.850914E+00,0.000000E+00,0.000000E+00
08:45:00,7.341052E+01,0.000000E+00,1.242503E+02,1.454770E+06,2.733776E+06,7.341052E+01,0.000000E+00,1.238328E+02,1.265652E+06,3.291310E+06,7.341052E+01,2.144986E+06,7.341052E+01,0.000000E+00,0.000000E+00,4.571445E+01,0.000000E+00,1.570637E+02,2.025906E+06,3.346965E+06,4.571445E+01,0.000000E+00,1.565360E+02,1.904057E+06,3.694367E+06,4.571445E+01,1.335733E+06,4.571445E+01,0.000000E+00,0.000000E+00,8.850914E+00,0.000000E+00,5.234882E+01,5.968576E+05,7.669411E+05,8.850914E+00,0.000000E+00,5.165500E+01,5.667958E+05,8.312708E+05,1.092576E+01,2.414765E+05,8.850914E+00,0.000000E+00,0.000000E+00,8.850914E+00,0.000000E+00,5.372007E+01,6.122229E+05,8.452027E+05,8.850914E+00,0.000000E+00,5.049781E+01,5.536221E+05,9.193210E+05,4.427158E+01,0.000000E+00,8.850914E+00,0.000000E+00,0.000000E+00
09:00:00,7.341052E+01,0.000000E+00,1.239638E+02,1.484117E+06,2.762717E+06,7.341052E+01,0.000000E+00,1.235473E+02,1.295011E+06,3.335643E+06,7.341052E+01,2.144986E+06,7.341052E+01,0.000000E+00,0.000000E+00,4.571445E+01,0.000000E+00,1.566583E+02,2.040782E+06,3.361427E+06,4.571445E+01,0.000000E+00,1.561316E+02,1.918944E+06,3.718861E+06,4.571445E+01,1.335733E+06,4.571445E+01,0.000000E+00,0.000000E+00,8.850914E+00,0.000000E+00,5.197895E+01,5.966176E+05,7.666886E+05,8.850914E+00,0.000000E+00,5.128482E+01,5.665515E+05,8.334865E+05,1.075037E+01,2.429248E+05,8.850914E+00,0.000000E+00,0.000000E+00,8.850914E+00,0.000000E+00,5.382995E+01,6.173947E+05,8.505288E+05,8.850914E+00,0.000000E+00,5.062279E+01,5.589569E+05,9.334253E+05,4.352261E+01,0.000000E+00,8.850914E+00,0.000000E+00,0.000000E+00
09:15:00,7.341052E+01,0.000000E+00,1.236791E+02,1.510065E+06,2.788170E+06,7.341052E+01,0.000000E+00,1.232634E+02,1.320968E+06,3.361241E+06,7.341052E+01,2.144986E+06,7.341052E+01,0.000000E+00,0.000000E+00,4.571445E+01,0.000000E+00,1.562691E+02,2.053764E+06,3.373979E+06,4.571445E+01,0.000000E+00,1.557432E+02,1.931935E+06,3.731729E+06,4.571445E+01,1.335733E+06,4.571445E+01,0.000000E+00,0.000000E+00,8.850914E+00,0.000000E+00,5.166420E+01,5.965844E+05,7.665886E+05,8.850914E+00,0.000000E+00,5.097007E+01,5.665175E+05,8.338732E+05,1.058500E+01,2.442905E+05,8.850914E+00,0.000000E+00,0.000000E+00,8.850914E+00,0.000000E+00,5.401655E+01,6.230150E+05,8.562671E+05,8.850914E+00,0.000000E+00,5.082234E+01,5.647144E+05,9.445539E+05,4.288125E+01,0.000000E+00,8.850914E+00,0.000000E+00,0.000000E+00
09:30:00,7.341052E+01,0.000000E+00,1.233876E+02,1.535940E+06,2.813464E+06,7.341052E+01,0.000000E+00,1.229727E+02,1.346851E+06,3.386671E+06,7.341052E+01,2.144986E+06,7.341052E+01,0.000000E+00,0.000000E+00,4.571445E+01,0.000000E+00,1.558885E+02,2.066868E+06,3.386647E+06,4.571445E+01,0.000000E+00,1.553633E+02,1.945046E+06,3.744495E+06,4.571445E+01,1.335733E+06,4.571445E+01,0.000000E+00,0.000000E+00,8.850914E+00,0.000000E+00,5.135301E+01,5.965907E+05,7.664886E+05,8.850914E+00,0.000000E+00,5.067830E+01,5.667422E+05,8.342970E+05,1.044287E+01,2.454644E+05,8.850914E+00,0.000000E+00,0.000000E+00,8.850914E+00,0.000000E+00,5.422717E+01,6.289046E+05,8.622402E+05,8.850914E+00,0.000000E+00,5.106438E+01,5.709493E+05,9.539192E+05,4.230724E+01,0.000000E+00,8.850914E+00,0.000000E+00,0.000000E+00
09:45:00,7.341052E+01,0.000000E+00,1.230830E+02,1.561668E+06,2.838528E+06,7.341052E+01,0.000000E+00,1.226685E+02,1.372584E+06,3.411864E+06,7.341052E+01,2.144986E+06,7.341052E+01,0.000000E+00,0.000000E+00,4.571445E+01,0.000000E+00,1.555096E+02,2.079997E+06,3.399333E+06,4.571445E+01,0.000000E+00,1.549849E+02,1.958181E+06,3.757198E+06,4.571445E+01,1.335733E+06,4.571445E+01,0.000000E+00,0.000000E+00,8.850914E+00,0.000000E+00,5.107060E+01,5.969217E+05,7.667545E+05,8.850914E+00,0.000000E+00,5.040301E+01,5.671527E+05,8.347764E+05,1.031629E+01,2.465100E+05,8.850914E+00,0.000000E+00,0.000000E+00,8.850914E+00,0.000000E+00,5.447948E+01,6.352640E+05,8.687907E+05,8.850914E+00,0.000000E+00,5.133471E+01,5.775036E+05,9.620120E+05,4.178552E+01,0.000000E+00,8.850914E+00,0.000000E+00,0.000000E+00
10:00:00,7.341052E+01,0.000000E+00,1.227615E+02,1.587206E+06,2.863329E+06,7.341052E+01,0.000000E+00,1.223475E+02,1.398127E+06,3.436794E+06,7.341052E+01,2.144986E+06,7.341052E+01,0.000000E+00,0.000000E+00,4.571445E+01,0.000000E+00,1.551275E+02,2.093087E+06,3.411975E+06,4.571445E+01,0.000000E+00,1.546034E+02,1.971277E+06,3.769858E+06,4.571445E+01,1.335733E+06,4.571445E+01,0.000000E+00,0.000000E+00,8.850914E+00,0.000000E+00,5.078598E+01,5.972278E+05,7.669883E+05,8.850914E+00,0.000000E+00,5.012121E+01,5.674900E+05,8.350850E+05,1.020023E+01,2.474686E+05,8.850914E+00,0.000000E+00,0.000000E+00,8.850914E+00,0.000000E+00,5.473508E+01,6.416606E+05,8.753685E+05,8.850914E+00,0.000000E+00,5.160355E+01,5.840426E+05,9.692077E+05,4.130638E+01,0.000000E+00,8.850914E+00,0.000000E+00,0.000000E+00
10:15:00,7.341052E+01,0.000000E+00,1.224207E+02,1.609095E+06,2.884318E+06,7.341052E+01,0.000000E+00,1.220073E+02,1.420024E+06,3.457897E+06,7.341052E+01,2.144986E+06,7.341052E+01,0.000000E+00,0.000000E+00,4.571445E+01,0.000000E+00,1.547386E+02,2.103949E+06,3.422327E+06,4.571445E+01,0.000000E+00,1.542151E+02,1.982147E+06,3.780239E+06,4.571445E+01,1.335733E+06,4.571445E+01,0.000000E+00,0.000000E+00,8.850914E+00,0.000000E+00,5.048657E+01,5.969536E+05,7.666196E+05,8.850914E+00,0.000000E+00,4.982398E+01,5.672401E+05,8.347484E+05,1.009191E+01,2.483634E+05,8.850914E+00,0.000000E+00,0.000000E+00,8.850914E+00,0.000000E+00,5.497548E+01,6.474722E+05,8.813165E+05,8.850914E+00,0.000000E+00,5.185631E+01,5.899893E+05,9.754578E+05,4.086294E+01,0.000000E+00,8.850914E+00,0.000000E+00,0.000000E+00
10:30:00,7.341052E+01,0.000000E+00,1.220598E+02,1.630761E+06,2.904991E+06,7.341052E+01,0.000000E+00,1.216471E+02,1.441697E+06,3.478687E+06,7.341052E+01,2.144986E+06,7.341052E+01,0.000000E+00,0.000000E+00,4.571445E+01,0.000000E+00,1.543407E+02,2.114693E+06,3.432544E+06,4.571445E+01,0.000000E+00,1.538178E+02,1.992898E+06,3.790490E+06,4.571445E+01,1.335733E+06,4.571445E+01,0.000000E+00,0.000000E+00,8.850914E+00,0.000000E+00,5.016937E+01,5.964790E+05,7.660463E+05,8.850914E+00,0.000000E+00,4.950874E+01,5.667874E+05,8.341940E+05,9.989941E+00,2.492057E+05,8.850914E+00,0.000000E+00,0.000000E+00,8.850914E+00,0.000000E+00,5.519258E+01,6.530214E+05,8.869987E+05,8.850914E+00,0.000000E+00,5.208517E+01,5.956685E+05,9.813773E+05,4.045149E+01,0.000000E+00,8.850914E+00,0.000000E+00,0.000000E+00
10:45:00,7.341052E+01,0.000000E+00,1.216807E+02,1.652220E+06,2.925375E+06,7.341052E+01,0.000000E+00,1.212689E+02,1.463166E+06,3.499191E+06,7.341052E+01,2.144986E+06,7.341052E+01,0.000000E+00,0.000000E+00,4.571445E+01,0.000000E+00,1.539338E+02,2.125318E+06,3.442629E+06,4.571445E+01,0.000000E+00,1.534116E+02,2.003532E+06,3.800608E+06,4.571445E+01,1.335733E+06,4.571445E+01,0.000000E+00,0.000000E+00,8.850914E+00,0.000000E+00,4.981557E+01,5.955916E+05,7.650351E+05,8.850914E+00,0.000000E+00,4.915690E+01,5.659221E+05,8.331955E+05,9.892973E+00,2.500067E+05,8.850914E+00,0.000000E+00,0.000000E+00,8.850914E+00,0.000000E+00,5.536268E+01,6.580407E+05,8.921043E+05,8.850914E+00,0.000000E+00,5.226668E+01,6.008153E+05,9.866788E+05,4.006729E+01,8.855270E+02,8.850914E+00,0.000000E+00,0.000000E+00
11:00:00,7.341052E+01,0.000000E+00,1.212864E+02,1.673508E+06,2.945514E+06,7.341052E+01,0.000000E+00,1.208756E+02,1.484465E+06,3.519451E+06,7.341052E+01,2.144986E+06,7.341052E+01,0.000000E+00,0.000000E+00,4.571445E+01,0.000000E+00,1.535193E+02,2.135841E+06,3.452595E+06,4.571445E+01,0.000000E+00,1.529978E+02,2.014066E+06,3.810605E+06,4.571445E+01,1.335733E+06,4.571445E+01,0.000000E+00,0.000000E+00,8.850914E+00,0.000000E+00,4.943972E+01,5.944556E+05,7.637673E+05,8.850914E+00,0.000000E+00,4.878308E+01,5.648092E+05,8.319384E+05,9.800031E+00,2.507745E+05,8.850914E+00,0.000000E+00,0.000000E+00,8.850914E+00,0.000000E+00,5.549643E+01,6.626505E+05,8.967727E+05,8.850914E+00,0.000000E+00,5.241151E+01,6.055494E+05,9.915082E+05,3.970667E+01,3.863215E+03,8.850914E+00,0.000000E+00,0.000000E+00
11:15:00,7.341052E+01,0.000000E+00,1.208817E+02,1.686104E+06,2.956705E+06,7.341052E+01,0.000000E+00,1.204721E+02,1.497075E+06,3.530728E+06,7.341052E+01,2.144986E+06,7.341052E+01,0.000000E+00,0.000000E+00,4.571445E+01,0.000000E+00,1.530993E+02,2.140951E+06,3.457004E+06,4.571445E+01,0.000000E+00,1.525786E+02,2.019187E+06,3.815034E+06,4.571445E+01,1.335733E+06,4.571445E+01,0.000000E+00,0.000000E+00,8.850914E+00,0.000000E+00,4.904935E+01,5.921221E+05,7.612790E+05,8.850914E+00,0.000000E+00,4.839487E+01,5.625000E+05,8.294581E+05,9.710500E+00,2.515141E+05,8.850914E+00,0.000000E+00,0.000000E+00,8.850914E+00,0.000000E+00,5.558585E+01,6.657266E+05,8.998232E+05,8.850914E+00,0.000000E+00,5.251150E+01,6.087444E+05,9.946539E+05,3.936699E+01,6.667987E+03,8.850914E+00,0.000000E+00,0.000000E+00
11:30:00,7.341052E+01,0.000000E+00,1.204752E+02,1.698679E+06,2.967865E+06,7.341052E+01,0.000000E+00,1.200669E+02,1.509665E+06,3.541976E+06,7.341052E+01,2.144986E+06,7.341052E+01,0.000000E+00,0.000000E+00,4.571445E+01,0.000000E+00,1.526799E+02,2.146070E+06,3.461440E+06,4.571445E+01,0.000000E+00,1.521602E+02,2.024319E+06,3.819493E+06,4.571445E+01,1.335733E+06,4.571445E+01,0.000000E+00,0.000000E+00,8.850914E+00,0.000000E+00,4.865324E+01,5.897238E+05,7.587305E+05,8.850914E+00,0.000000E+00,4.800102E+01,5.601273E+05,8.269188E+05,9.623541E+00,2.522324E+05,8.850914E+00,0.000000E+00,0.000000E+00,8.850914E+00,0.000000E+00,5.563618E+01,6.683620E+05,9.024271E+05,8.850914E+00,0.000000E+00,5.257192E+01,6.114936E+05,9.973306E+05,3.904466E+01,9.329508E+03,8.850914E+00,0.000000E+00,0.000000E+00
11:45:00,7.341052E+01,0.000000E+00,1.200776E+02,1.711354E+06,2.979166E+06,7.341052E+01,0.000000E+00,1.196709E+02,1.522358E+06,3.553369E+06,7.341052E+01,2.144986E+06,7.341052E+01,0.000000E+00,0.000000E+00,4.571445E+01,0.000000E+00,1.522695E+02,2.151308E+06,3.466023E+06,4.571445E+01,0.000000E+00,1.517509E+02,2.029571E+06,3.824103E+06,4.571445E+01,1.335733E+06,4.571445E+01,0.000000E+00,0.000000E+00,8.850914E+00,0.000000E+00,4.826227E+01,5.873834E+05,7.562524E+05,8.850914E+00,0.000000E+00,4.761245E+01,5.578140E+05,8.244524E+05,9.539025E+00,2.529306E+05,8.850914E+00,0.000000E+00,0.000000E+00,8.850914E+00,0.000000E+00,5.565562E+01,6.706492E+05,9.046933E+05,8.850914E+00,0.000000E+00,5.260094E+01,6.138888E+05,9.996648E+05,3.873866E+01,1.185620E+04,8.850914E+00,0.000000E+00,0.000000E+00
12:00:00,7.341052E+01,0.000000E+00,1.197078E+02,1.724343E+06,2.990917E+06,7.341052E+01,0.000000E+00,1.193026E+02,1.535364E+06,3.565213E+06,7.341052E+01,2.144986E+06,7.341052E+01,0.000000E+00,0.000000E+00,4.571445E+01,0.000000E+00,1.518826E+02,2.156858E+06,3.470985E+06,4.571445E+01,0.000000E+00,1.513650E+02,2.035134E+06,3.829091E+06,4.571445E+01,1.335733E+06,4.571445E+01,0.000000E+00,0.000000E+00,8.850914E+00,0.000000E+00,4.789421E+01,5.853014E+05,7.540583E+05,8.850914E+00,0.000000E+00,4.724662E+01,5.557572E+05,8.222712E+05,9.456873E+00,2.536093E+05,8.850914E+00,0.000000E+00,0.000000E+00,8.850914E+00,0.000000E+00,5.566007E+01,6.727674E+05,9.068017E+05,8.850914E+00,0.000000E+00,5.261424E+01,6.161070E+05,1.001840E+06,3.844801E+01,1.425602E+04,8.850914E+00,0.000000E+00,0.000000E+00
12:15:00,7.341052E+01,0.000000E+00,1.193947E+02,1.734539E+06,3.000074E+06,7.341052E+01,0.000000E+00,1.189907E+02,1.545573E+06,3.574442E+06,7.341052E+01,2.144986E+06,7.341052E+01,0.000000E+00,0.000000E+00,4.571445E+01,0.000000E+00,1.515420E+02,2.160884E+06,3.474494E+06,4.571445E+01,0.000000E+00,1.510253E+02,2.039172E+06,3.832620E+06,4.571445E+01,1.335733E+06,4.571445E+01,0.000000E+00,0.000000E+00,8.850914E+00,0.000000E+00,4.757756E+01,5.833853E+05,7.520712E+05,8.850914E+00,0.000000E+00,4.693179E+01,5.538617E+05,8.202965E+05,9.376950E+00,2.542696E+05,8.850914E+00,0.000000E+00,0.000000E+00,8.850914E+00,0.000000E+00,5.568749E+01,6.747309E+05,9.088000E+05,8.850914E+00,0.000000E+00,5.264963E+01,6.181604E+05,1.003926E+06,3.817155E+01,1.653880E+04,8.850914E+00,0.000000E+00,0.000000E+00
12:30:00,7.341052E+01,0.000000E+00,1.191595E+02,1.745612E+06,3.010441E+06,7.341052E+01,0.000000E+00,1.187561E+02,1.556652E+06,3.584874E+06,7.341052E+01,2.144986E+06,7.341052E+01,0.000000E+00,0.000000E+00,4.571445E+01,0.000000E+00,1.512637E+02,2.165735E+06,3.478927E+06,4.571445E+01,0.000000E+00,1.507474E+02,2.044029E+06,3.837069E+06,4.571445E+01,1.335733E+06,4.571445E+01,0.000000E+00,0.000000E+00,8.850914E+00,0.000000E+00,4.733185E+01,5.822690E+05,7.509348E+05,8.850914E+00,0.000000E+00,4.668721E+01,5.527583E+05,8.191703E+05,9.299141E+00,2.549124E+05,8.850914E+00,0.000000E+00,0.000000E+00,8.850914E+00,0.000000E+00,5.575851E+01,6.771859E+05,9.113558E+05,8.850914E+00,0.000000E+00,5.272749E+01,6.206922E+05,1.006598E+06,3.790819E+01,1.871333E+04,8.850914E+00,0.000000E+00,0.000000E+00
12:45:00,7.341052E+01,0.000000E+00,1.190101E+02,1.757649E+06,3.022118E+06,7.341052E+01,0.000000E+00,1.186065E+02,1.568688E+06,3.596611E+06,7.341052E+01,2.144986E+06,7.341052E+01,0.000000E+00,0.000000E+00,4.571445E+01,0.000000E+00,1.510532E+02,2.171486E+06,3.484347E+06,4.571445E+01,0.000000E+00,1.505369E+02,2.049780E+06,3.842501E+06,4.571445E+01,1.335733E+06,4.571445E+01,0.000000E+00,0.000000E+00,8.850914E+00,0.000000E+00,4.716468E+01,5.820383E+05,7.507263E+05,8.850914E+00,0.000000E+00,4.652048E+01,5.525325E+05,8.189684E+05,9.223348E+00,2.555385E+05,8.850914E+00,0.000000E+00,0.000000E+00,8.850914E+00,0.000000E+00,5.588224E+01,6.802348E+05,9.145566E+05,8.850914E+00,0.000000E+00,5.285689E+01,6.238048E+05,1.009935E+06,3.765699E+01,2.078744E+04,8.850914E+00,0.000000E+00,0.000000E+00
13:00:00,7.341052E+01,0.000000E+00,1.189394E+02,1.770573E+06,3.035026E+06,7.341052E+01,0.000000E+00,1.185352E+02,1.581604E+06,3.609572E+06,7.341052E+01,2.144986E+06,7.341052E+01,0.000000E+00,0.000000E+00,4.571445E+01,0.000000E+00,1.509047E+02,2.178060E+06,3.490713E+06,4.571445E+01,0.000000E+00,1.503882E+02,2.056351E+06,3.848877E+06,4.571445E+01,1.335733E+06,4.571445E+01,0.000000E+00,0.000000E+00,8.850914E+00,0.000000E+00,4.707018E+01,5.826268E+05,7.513690E+05,8.850914E+00,0.000000E+00,4.642593E+01,5.531204E+05,8.196154E+05,9.149492E+00,2.561487E+05,8.850914E+00,0.000000E+00,0.000000E+00,8.850914E+00,0.000000E+00,5.605390E+01,6.838240E+05,9.183256E+05,8.850914E+00,0.000000E+00,5.303326E+01,6.274466E+05,1.013845E+06,3.741711E+01,2.276809E+04,8.850914E+00,0.000000E+00,0.000000E+00
13:15:00,7.341052E+01,0.000000E+00,1.189253E+02,1.778987E+06,3.043560E+06,7.341052E+01,0.000000E+00,1.185202E+02,1.590009E+06,3.618134E+06,7.341052E+01,2.144986E+06,7.341052E+01,0.000000E+00,0.000000E+00,4.571445E+01,0.000000E+00,1.508019E+02,2.182034E+06,3.494523E+06,4.571445E+01,0.000000E+00,1.502850E+02,2.060319E+06,3.852688E+06,4.571445E+01,1.335733E+06,4.571445E+01,0.000000E+00,0.000000E+00,8.850914E+00,0.000000E+00,4.702772E+01,5.831817E+05,7.519786E+05,8.850914E+00,0.000000E+00,4.638322E+01,5.536724E+05,8.202270E+05,9.077504E+00,2.567434E+05,8.850914E+00,0.000000E+00,0.000000E+00,8.850914E+00,0.000000E+00,5.625150E+01,6.870851E+05,9.217417E+05,8.850914E+00,0.000000E+00,5.323492E+01,6.307530E+05,1.017383E+06,3.718780E+01,2.466151E+04,8.850914E+00,0.000000E+00,0.000000E+00
13:30:00,7.341052E+01,0.000000E+00,1.189466E+02,1.787801E+06,3.052662E+06,7.341052E+01,0.000000E+00,1.185408E+02,1.598815E+06,3.627266E+06,7.341052E+01,2.144986E+06,7.341052E+01,0.000000E+00,0.000000E+00,4.571445E+01,0.000000E+00,1.507293E+02,2.186408E+06,3.498823E+06,4.571445E+01,0.000000E+00,1.502120E+02,2.064689E+06,3.856991E+06,4.571445E+01,1.335733E+06,4.571445E+01,0.000000E+00,0.000000E+00,8.850914E+00,0.000000E+00,4.701852E+01,5.841117E+05,7.529645E+05,8.850914E+00,0.000000E+00,4.637381E+01,5.546000E+05,8.212152E+05,9.007323E+00,2.573232E+05,8.850914E+00,0.000000E+00,0.000000E+00,8.850914E+00,0.000000E+00,5.645573E+01,6.904211E+05,9.252306E+05,8.850914E+00,0.000000E+00,5.344285E+01,6.341300E+05,1.020987E+06,3.696837E+01,2.647329E+04,8.850914E+00,0.000000E+00,0.000000E+00
13:45:00,7.341052E+01,0.000000E+00,1.190554E+02,1.797600E+06,3.063339E+06,7.341052E+01,0.000000E+00,1.185833E+02,1.607868E+06,3.636752E+06,7.341052E+01,2.144986E+06,7.341052E+01,0.000000E+00,0.000000E+00,4.571445E+01,0.000000E+00,1.506771E+02,2.191055E+06,3.503456E+06,4.571445E+01,0.000000E+00,1.501597E+02,2.069335E+06,3.861634E+06,4.571445E+01,1.335733E+06,4.571445E+01,0.000000E+00,0.000000E+00,8.850914E+00,0.000000E+00,4.703022E+01,5.852773E+05,7.541839E+05,8.850914E+00,0.000000E+00,4.638521E+01,5.557623E+05,8.224354E+05,8.938895E+00,2.578885E+05,8.850914E+00,0.000000E+00,0.000000E+00,8.850914E+00,0.000000E+00,5.665392E+01,6.936890E+05,9.286481E+05,8.850914E+00,0.000000E+00,5.364376E+01,6.374282E+05,1.024501E+06,3.675822E+01,2.820849E+04,8.850914E+00,0.000000E+00,0.000000E+00
14:00:00,7.341052E+01,0.000000E+00,1.191987E+02,1.807786E+06,3.074288E+06,7.341052E+01,0.000000E+00,1.187031E+02,1.617791E+06,3.647644E+06,7.341052E+01,2.144986E+06,7.341052E+01,0.000000E+00,0.000000E+00,4.571445E+01,0.000000E+00,1.506386E+02,2.195884E+06,3.508304E+06,4.571445E+01,0.000000E+00,1.501210E+02,2.074159E+06,3.866483E+06,4.571445E+01,1.335733E+06,4.571445E+01,0.000000E+00,0.000000E+00,8.850914E+00,0.000000E+00,4.705285E+01,5.865663E+05,7.555201E+05,8.850914E+00,0.000000E+00,4.640804E+01,5.570534E+05,8.237778E+05,8.872168E+00,2.584398E+05,8.850914E+00,0.000000E+00,0.000000E+00,8.850914E+00,0.000000E+00,5.683469E+01,6.967607E+05,9.318416E+05,8.850914E+00,0.000000E+00,5.382785E+01,6.405369E+05,1.027787E+06,3.655679E+01,2.987168E+04,8.850914E+00,0.000000E+00,0.000000E+00
14:15:00,7.341052E+01,0.000000E+00,1.193527E+02,1.809518E+06,3.076568E+06,7.341052E+01,0.000000E+00,1.188484E+02,1.619425E+06,3.649850E+06,7.341052E+01,2.144986E+06,7.341052E+01,0.000000E+00,0.000000E+00,4.571445E+01,0.000000E+00,1.506065E+02,2.195456E+06,3.507778E+06,4.571445E+01,0.000000E+00,1.500886E+02,2.073730E+06,3.865954E+06,4.571445E+01,1.335733E+06,4.571445E+01,0.000000E+00,0.000000E+00,8.850914E+00,0.000000E+00,4.707734E+01,5.868423E+05,7.558134E+05,8.850914E+00,0.000000E+00,4.643271E+01,5.573314E+05,8.240736E+05,8.850914E+00,2.586153E+05,8.850914E+00,0.000000E+00,0.000000E+00,8.850914E+00,0.000000E+00,5.697984E+01,6.983971E+05,9.335110E+05,8.850914E+00,0.000000E+00,5.397597E+01,6.422065E+05,1.029498E+06,3.636357E+01,3.146705E+04,8.850914E+00,0.000000E+00,0.000000E+00
14:30:00,7.341052E+01,0.000000E+00,1.195080E+02,1.811266E+06,3.079042E+06,7.341052E+01,0.000000E+00,1.189980E+02,1.621107E+06,3.652067E+06,7.341052E+01,2.144986E+06,7.341052E+01,0.000000E+00,0.000000E+00,4.571445E+01,0.000000E+00,1.505752E+02,2.195042E+06,3.507280E+06,4.571445E+01,0.000000E+00,1.500574E+02,2.073315E+06,3.865456E+06,4.571445E+01,1.335733E+06,4.571445E+01,0.000000E+00,0.000000E+00,8.850914E+00,0.000000E+00,4.709728E+01,5.870670E+05,7.560465E+05,8.850914E+00,0.000000E+00,4.645289E+01,5.575589E+05,8.243090E+05,8.850914E+00,2.586153E+05,8.850914E+00,0.000000E+00,0.000000E+00,8.850914E+00,0.000000E+00,5.708143E+01,6.995424E+05,9.346661E+05,8.850914E+00,0.000000E+00,5.408007E+01,6.433800E+05,1.030674E+06,3.617810E+01,3.299842E+04,8.850914E+00,0.000000E+00,0.000000E+00
14:45:00,7.341052E+01,0.000000E+00,1.195926E+02,1.812218E+06,3.080380E+06,7.341052E+01,0.000000E+00,1.191442E+02,1.622753E+06,3.654404E+06,7.341052E+01,2.144986E+06,7.341052E+01,0.000000E+00,0.000000E+00,4.571445E+01,0.000000E+00,1.505412E+02,2.194590E+06,3.506753E+06,4.571445E+01,0.000000E+00,1.500232E+02,2.072861E+06,3.864923E+06,4.571445E+01,1.335733E+06,4.571445E+01,0.000000E+00,0.000000E+00,8.850914E+00,0.000000E+00,4.710790E+01,5.871868E+05,7.561659E+05,8.850914E+00,0.000000E+00,4.646408E+01,5.576851E+05,8.244344E+05,8.850914E+00,2.586153E+05,8.850914E+00,0.000000E+00,0.000000E+00,8.850914E+00,0.000000E+00,5.713234E+01,7.001166E+05,9.352275E+05,8.850914E+00,0.000000E+00,5.413387E+01,6.439867E+05,1.031252E+06,3.599996E+01,3.446927E+04,8.850914E+00,0.000000E+00,0.000000E+00
15:00:00,7.341052E+01,0.000000E+00,1.196450E+02,1.812808E+06,3.081221E+06,7.341052E+01,0.000000E+00,1.192166E+02,1.623568E+06,3.655551E+06,7.341052E+01,2.144986E+06,7.341052E+01,0.000000E+00,0.000000E+00,4.571445E+01,0.000000E+00,1.505617E+02,2.194862E+06,3.507358E+06,4.571445E+01,0.000000E+00,1.499831E+02,2.072330E+06,3.864298E+06,4.571445E+01,1.335733E+06,4.571445E+01,0.000000E+00,0.000000E+00,8.850914E+00,0.000000E+00,4.710642E+01,5.871701E+05,7.561393E+05,8.850914E+00,0.000000E+00,4.646289E+01,5.576716E+05,8.244095E+05,8.850914E+00,2.586153E+05,8.850914E+00,0.000000E+00,0.000000E+00,8.850914E+00,0.000000E+00,5.712876E+01,7.000765E+05,9.351276E+05,8.850914E+00,0.000000E+00,5.413200E+01,6.439661E+05,1.031128E+06,3.582876E+01,3.588283E+04,8.850914E+00,0.000000E+00,0.000000E+00
15:15:00,7.341052E+01,0.000000E+00,1.196767E+02,1.802876E+06,3.071196E+06,7.341052E+01,0.000000E+00,1.192544E+02,1.613704E+06,3.645578E+06,7.341052E+01,2.144986E+06,7.341052E+01,0.000000E+00,0.000000E+00,4.571445E+01,0.000000E+00,1.505278E+02,2.188003E+06,3.499737E+06,4.571445E+01,0.000000E+00,1.499337E+02,2.065267E+06,3.856946E+06,4.571445E+01,1.335733E+06,4.571445E+01,0.000000E+00,0.000000E+00,8.850914E+00,0.000000E+00,4.708957E+01,5.857394E+05,7.546632E+05,8.850914E+00,0.000000E+00,4.644659E+01,5.562472E+05,8.229351E+05,8.850914E+00,2.586153E+05,8.850914E+00,0.000000E+00,0.000000E+00,8.850914E+00,0.000000E+00,5.706203E+01,6.980838E+05,9.329648E+05,8.850914E+00,0.000000E+00,5.406661E+01,6.419888E+05,1.028885E+06,3.566414E+01,3.724206E+04,8.850914E+00,0.000000E+00,0.000000E+00
15:30:00,7.341052E+01,0.000000E+00,1.196914E+02,1.792751E+06,3.060899E+06,7.341052E+01,0.000000E+00,1.192729E+02,1.603622E+06,3.635305E+06,7.341052E+01,2.144986E+06,7.341052E+01,0.000000E+00,0.000000E+00,4.571445E+01,0.000000E+00,1.504744E+02,2.180887E+06,3.492366E+06,4.571445E+01,0.000000E+00,1.498757E+02,2.058089E+06,3.849489E+06,4.571445E+01,1.335733E+06,4.571445E+01,0.000000E+00,0.000000E+00,8.850914E+00,0.000000E+00,4.705865E+01,5.841501E+05,7.530240E+05,8.850914E+00,0.000000E+00,4.641628E+01,5.546648E+05,8.212986E+05,8.850914E+00,2.586153E+05,8.850914E+00,0.000000E+00,0.000000E+00,8.850914E+00,0.000000E+00,5.693076E+01,6.953637E+05,9.300465E+05,8.850914E+00,0.000000E+00,5.393635E+01,6.392806E+05,1.025869E+06,3.550715E+01,3.853835E+04,8.850914E+00,0.000000E+00,0.000000E+00
15:45:00,7.341052E+01,0.000000E+00,1.196914E+02,1.782461E+06,3.050370E+06,7.341052E+01,0.000000E+00,1.192753E+02,1.593359E+06,3.624770E+06,7.341052E+01,2.144986E+06,7.341052E+01,0.000000E+00,0.000000E+00,4.571445E+01,0.000000E+00,1.504743E+02,2.174478E+06,3.486469E+06,4.571445E+01,0.000000E+00,1.498708E+02,2.051617E+06,3.843161E+06,4.571445E+01,1.335733E+06,4.571445E+01,0.000000E+00,0.000000E+00,8.850914E+00,0.000000E+00,4.701496E+01,5.824169E+05,7.512382E+05,8.850914E+00,0.000000E+00,4.637317E+01,5.529381E+05,8.195155E+05,8.850914E+00,2.586153E+05,8.850914E+00,0.000000E+00,0.000000E+00,8.850914E+00,0.000000E+00,5.673566E+01,6.919240E+05,9.263884E+05,8.850914E+00,0.000000E+00,5.374174E+01,6.358471E+05,1.022099E+06,3.535687E+01,3.977914E+04,8.850914E+00,0.000000E+00,0.000000E+00
16:00:00,7.341052E+01,0.000000E+00,1.196775E+02,1.772014E+06,3.039613E+06,7.341052E+01,0.000000E+00,1.192630E+02,1.582931E+06,3.613990E+06,7.341052E+01,2.144986E+06,7.341052E+01,0.000000E+00,0.000000E+00,4.571445E+01,0.000000E+00,1.504190E+02,2.167337E+06,3.478758E+06,4.571445E+01,0.000000E+00,1.498723E+02,2.045228E+06,3.836376E+06,4.571445E+01,1.335733E+06,4.571445E+01,0.000000E+00,0.000000E+00,8.850914E+00,0.000000E+00,4.695867E+01,5.805415E+05,7.493041E+05,8.850914E+00,0.000000E+00,4.631740E+01,5.510686E+05,8.175834E+05,8.850914E+00,2.586153E+05,8.850914E+00,0.000000E+00,0.000000E+00,8.850914E+00,0.000000E+00,5.647645E+01,6.877616E+05,9.219529E+05,8.850914E+00,0.000000E+00,5.348250E+01,6.316850E+05,1.017516E+06,3.521251E+01,4.097111E+04,8.850914E+00,0.000000E+00,0.000000E+00
16:15:00,7.341052E+01,0.000000E+00,1.196508E+02,1.757994E+06,3.025143E+06,7.341052E+01,0.000000E+00,1.192377E+02,1.568925E+06,3.599472E+06,7.341052E+01,2.144986E+06,7.341052E+01,0.000000E+00,0.000000E+00,4.571445E+01,0.000000E+00,1.504055E+02,2.158613E+06,3.469549E+06,4.571445E+01,0.000000E+00,1.498708E+02,2.036662E+06,3.827346E+06,4.571445E+01,1.335733E+06,4.571445E+01,0.000000E+00,0.000000E+00,8.850914E+00,0.000000E+00,4.689215E+01,5.781373E+05,7.468286E+05,8.850914E+00,0.000000E+00,4.625134E+01,5.486696E+05,8.151083E+05,8.850914E+00,2.586153E+05,8.850914E+00,0.000000E+00,0.000000E+00,8.850914E+00,0.000000E+00,5.617103E+01,6.826647E+05,9.165350E+05,8.850914E+00,0.000000E+00,5.317676E+01,6.265854E+05,1.011926E+06,3.507368E+01,4.211740E+04,8.850914E+00,0.000000E+00,0.000000E+00
16:30:00,7.341052E+01,0.000000E+00,1.196077E+02,1.743788E+06,3.010408E+06,7.341052E+01,0.000000E+00,1.191955E+02,1.554730E+06,3.584688E+06,7.341052E+01,2.144986E+06,7.341052E+01,0.000000E+00,0.000000E+00,4.571445E+01,0.000000E+00,1.503957E+02,2.149939E+06,3.460741E+06,4.571445E+01,0.000000E+00,1.498624E+02,2.028007E+06,3.818565E+06,4.571445E+01,1.335733E+06,4.571445E+01,0.000000E+00,0.000000E+00,8.850914E+00,0.000000E+00,4.681153E+01,5.755741E+05,7.441860E+05,8.850914E+00,0.000000E+00,4.617121E+01,5.461119E+05,8.124661E+05,8.850914E+00,2.586153E+05,8.850914E+00,0.000000E+00,0.000000E+00,8.850914E+00,0.000000E+00,5.581755E+01,6.770261E+05,9.105409E+05,8.850914E+00,0.000000E+00,5.282276E+01,6.209418E+05,1.005740E+06,3.493871E+01,4.323184E+04,8.850914E+00,0.000000E+00,0.000000E+00
16:45:00,7.341052E+01,0.000000E+00,1.195435E+02,1.729345E+06,2.995340E+06,7.341052E+01,0.000000E+00,1.191322E+02,1.540298E+06,3.569568E+06,7.341052E+01,2.144986E+06,7.341052E+01,0.000000E+00,0.000000E+00,4.571445E+01,0.000000E+00,1.503124E+02,2.140290E+06,3.450741E+06,4.571445E+01,0.000000E+00,1.497810E+02,2.018383E+06,3.808591E+06,4.571445E+01,1.335733E+06,4.571445E+01,0.000000E+00,0.000000E+00,8.850914E+00,0.000000E+00,4.673076E+01,5.730091E+05,7.415581E+05,8.850914E+00,0.000000E+00,4.609099E+01,5.435533E+05,8.098417E+05,8.850914E+00,2.586153E+05,8.850914E+00,0.000000E+00,0.000000E+00,8.850914E+00,0.000000E+00,5.543109E+01,6.710155E+05,9.041830E+05,8.850914E+00,0.000000E+00,5.243558E+01,6.149241E+05,9.991929E+05,3.480792E+01,4.431171E+04,8.850914E+00,0.000000E+00,0.000000E+00
17:00:00,7.341052E+01,0.000000E+00,1.194538E+02,1.714615E+06,2.979866E+06,7.341052E+01,0.000000E+00,1.190435E+02,1.525579E+06,3.554044E+06,7.341052E+01,2.144986E+06,7.341052E+01,0.000000E+00,0.000000E+00,4.571445E+01,0.000000E+00,1.501981E+02,2.130231E+06,3.440261E+06,4.571445E+01,0.000000E+00,1.496683E+02,2.008347E+06,3.798116E+06,4.571445E+01,1.335733E+06,4.571445E+01,0.000000E+00,0.000000E+00,8.850914E+00,0.000000E+00,4.663325E+01,5.702554E+05,7.387162E+05,8.850914E+00,0.000000E+00,4.599418E+01,5.408074E+05,8.070025E+05,8.850914E+00,2.586153E+05,8.850914E+00,0.000000E+00,0.000000E+00,8.850914E+00,0.000000E+00,5.499572E+01,6.644535E+05,8.971927E+05,8.850914E+00,0.000000E+00,5.199940E+01,6.083541E+05,9.919675E+05,3.468161E+01,4.535463E+04,8.850914E+00,0.000000E+00,0.000000E+00
17:15:00,7.341052E+01,0.000000E+00,1.193339E+02,1.696116E+06,2.960401E+06,7.341052E+01,0.000000E+00,1.189248E+02,1.507093E+06,3.534512E+06,7.341052E+01,2.144986E+06,7.341052E+01,0.000000E+00,0.000000E+00,4.571445E+01,0.000000E+00,1.500592E+02,2.117710E+06,3.427187E+06,4.571445E+01,0.000000E+00,1.495308E+02,1.995844E+06,3.785033E+06,4.571445E+01,1.335733E+06,4.571445E+01,0.000000E+00,0.000000E+00,8.850914E+00,0.000000E+00,4.651000E+01,5.667980E+05,7.351365E+05,8.850914E+00,0.000000E+00,4.587180E+01,5.373599E+05,8.034241E+05,8.850914E+00,2.586153E+05,8.850914E+00,0.000000E+00,0.000000E+00,8.850914E+00,0.000000E+00,5.450389E+01,6.568415E+05,8.890606E+05,8.850914E+00,0.000000E+00,5.150667E+01,6.007331E+05,9.835486E+05,3.455967E+01,4.636147E+04,8.850914E+00,0.000000E+00,0.000000E+00
17:30:00,7.341052E+01,0.000000E+00,1.191785E+02,1.677216E+06,2.940368E+06,7.341052E+01,0.000000E+00,1.187707E+02,1.488207E+06,3.514413E+06,7.341052E+01,2.144986E+06,7.341052E+01,0.000000E+00,0.000000E+00,4.571445E+01,0.000000E+00,1.498906E+02,2.104796E+06,3.413639E+06,4.571445E+01,0.000000E+00,1.493637E+02,1.982950E+06,3.771477E+06,4.571445E+01,1.335733E+06,4.571445E+01,0.000000E+00,0.000000E+00,8.850914E+00,0.000000E+00,4.635435E+01,5.629752E+05,7.311751E+05,8.850914E+00,0.000000E+00,4.571724E+01,5.335494E+05,7.994649E+05,8.850914E+00,2.586153E+05,8.850914E+00,0.000000E+00,0.000000E+00,8.850914E+00,0.000000E+00,5.394918E+01,6.485208E+05,8.801708E+05,8.850914E+00,0.000000E+00,5.095115E+01,5.924045E+05,9.743426E+05,3.444195E+01,4.733347E+04,8.850914E+00,0.000000E+00,0.000000E+00
17:45:00,7.341052E+01,0.000000E+00,1.190368E+02,1.658471E+06,2.920703E+06,7.341052E+01,0.000000E+00,1.186305E+02,1.469479E+06,3.494685E+06,7.341052E+01,2.144986E+06,7.341052E+01,0.000000E+00,0.000000E+00,4.571445E+01,0.000000E+00,1.497402E+02,2.092121E+06,3.400616E+06,4.571445E+01,0.000000E+00,1.492147E+02,1.970293E+06,3.758452E+06,4.571445E+01,1.335733E+06,4.571445E+01,0.000000E+00,0.000000E+00,8.850914E+00,0.000000E+00,4.613050E+01,5.583836E+05,7.263858E+05,8.850914E+00,0.000000E+00,4.549483E+01,5.289740E+05,7.946759E+05,8.850914E+00,2.586153E+05,8.850914E+00,0.000000E+00,0.000000E+00,8.850914E+00,0.000000E+00,5.329727E+01,6.391043E+05,8.700622E+05,8.850914E+00,0.000000E+00,5.029871E+01,5.829834E+05,9.638463E+05,3.432829E+01,4.827193E+04,8.850914E+00,0.000000E+00,0.000000E+00
18:00:00,7.341052E+01,0.000000E+00,1.188710E+02,1.639455E+06,2.900434E+06,7.341052E+01,0.000000E+00,1.184664E+02,1.450482E+06,3.474357E+06,7.341052E+01,2.144986E+06,7.341052E+01,0.000000E+00,0.000000E+00,4.571445E+01,0.000000E+00,1.495662E+02,2.079135E+06,3.386789E+06,4.571445E+01,0.000000E+00,1.490422E+02,1.957326E+06,3.744619E+06,4.571445E+01,1.335733E+06,4.571445E+01,0.000000E+00,0.000000E+00,8.850914E+00,0.000000E+00,4.587109E+01,5.533910E+05,7.212016E+05,8.850914E+00,0.000000E+00,4.523711E+01,5.240006E+05,7.894958E+05,8.850914E+00,2.586153E+05,8.850914E+00,0.000000E+00,0.000000E+00,8.850914E+00,0.000000E+00,5.258352E+01,6.289907E+05,8.592395E+05,8.850914E+00,0.000000E+00,4.958452E+01,5.728667E+05,9.526231E+05,3.421853E+01,4.917816E+04,8.850914E+00,0.000000E+00,0.000000E+00
18:15:00,7.341052E+01,0.000000E+00,1.186639E+02,1.611397E+06,2.870674E+06,7.341052E+01,0.000000E+00,1.182613E+02,1.422447E+06,3.444501E+06,7.341052E+01,2.144986E+06,7.341052E+01,0.000000E+00,0.000000E+00,4.571445E+01,0.000000E+00,1.493800E+02,2.060645E+06,3.367415E+06,4.571445E+01,0.000000E+00,1.488574E+02,1.938856E+06,3.725228E+06,4.571445E+01,1.335733E+06,4.571445E+01,0.000000E+00,0.000000E+00,8.850914E+00,0.000000E+00,4.556634E+01,5.468533E+05,7.144200E+05,8.850914E+00,0.000000E+00,4.493434E+01,5.174853E+05,7.827166E+05,8.850914E+00,2.586153E+05,8.850914E+00,0.000000E+00,0.000000E+00,8.850914E+00,0.000000E+00,5.178748E+01,6.169156E+05,8.462890E+05,8.850914E+00,0.000000E+00,4.878804E+01,5.607884E+05,9.391818E+05,3.411253E+01,5.005340E+04,8.850914E+00,0.000000E+00,0.000000E+00
18:30:00,7.341052E+01,0.000000E+00,1.184365E+02,1.583112E+06,2.840800E+06,7.341052E+01,0.000000E+00,1.180361E+02,1.394187E+06,3.414533E+06,7.341052E+01,2.144986E+06,7.341052E+01,0.000000E+00,0.000000E+00,4.571445E+01,0.000000E+00,1.491593E+02,2.041699E+06,3.347589E+06,4.571445E+01,0.000000E+00,1.486383E+02,1.919931E+06,3.705385E+06,4.571445E+01,1.335733E+06,4.571445E+01,0.000000E+00,0.000000E+00,8.850914E+00,0.000000E+00,4.521039E+01,5.397383E+05,7.070213E+05,8.850914E+00,0.000000E+00,4.458072E+01,5.103966E+05,7.753209E+05,8.850914E+00,2.586153E+05,8.850914E+00,0.000000E+00,0.000000E+00,8.850914E+00,0.000000E+00,5.090593E+01,6.038765E+05,8.322623E+05,8.850914E+00,0.000000E+00,4.790601E+01,5.477459E+05,9.245943E+05,3.401013E+01,5.089887E+04,8.850914E+00,0.000000E+00,0.000000E+00
18:45:00,7.341052E+01,0.000000E+00,1.181130E+02,1.553745E+06,2.809270E+06,7.341052E+01,0.000000E+00,1.177152E+02,1.364850E+06,3.382910E+06,7.341052E+01,2.144986E+06,7.341052E+01,0.000000E+00,0.000000E+00,4.571445E+01,0.000000E+00,1.488450E+02,2.021511E+06,3.326261E+06,4.571445E+01,0.000000E+00,1.483258E+02,1.899767E+06,3.684041E+06,4.571445E+01,1.335733E+06,4.571445E+01,0.000000E+00,0.000000E+00,8.850914E+00,0.000000E+00,4.484691E+01,5.325385E+05,6.995773E+05,8.850914E+00,0.000000E+00,4.421983E+01,5.032260E+05,7.678882E+05,8.850914E+00,2.586153E+05,8.850914E+00,0.000000E+00,0.000000E+00,8.850914E+00,0.000000E+00,4.998476E+01,5.903908E+05,8.178286E+05,8.850914E+00,0.000000E+00,4.698418E+01,5.342550E+05,9.096146E+05,3.391120E+01,5.171570E+04,8.850914E+00,0.000000E+00,0.000000E+00
19:00:00,7.341052E+01,0.000000E+00,1.177434E+02,1.523861E+06,2.777054E+06,7.341052E+01,0.000000E+00,1.173494E+02,1.335007E+06,3.350619E+06,7.341052E+01,2.144986E+06,7.341052E+01,0.000000E+00,0.000000E+00,4.571445E+01,0.000000E+00,1.485507E+02,2.001591E+06,3.305745E+06,4.571445E+01,0.000000E+00,1.480336E+02,1.879875E+06,3.663517E+06,4.571445E+01,1.335733E+06,4.571445E+01,0.000000E+00,0.000000E+00,8.850914E+00,0.000000E+00,4.442622E+01,5.246936E+05,6.914206E+05,8.850914E+00,0.000000E+00,4.380224E+01,4.954162E+05,7.597420E+05,8.850914E+00,2.586153E+05,8.850914E+00,0.000000E+00,0.000000E+00,8.850914E+00,0.000000E+00,4.897603E+01,5.759180E+05,8.022182E+05,8.850914E+00,0.000000E+00,4.597496E+01,5.197789E+05,8.933447E+05,3.381561E+01,5.250500E+04,8.850914E+00,0.000000E+00,0.000000E+00
19:15:00,7.341052E+01,0.000000E+00,1.173622E+02,1.500705E+06,2.751729E+06,7.341052E+01,0.000000E+00,1.169724E+02,1.311899E+06,3.325255E+06,7.341052E+01,2.144986E+06,7.341052E+01,0.000000E+00,0.000000E+00,4.571445E+01,0.000000E+00,1.481879E+02,1.985033E+06,3.287729E+06,4.571445E+01,0.000000E+00,1.476735E+02,1.863352E+06,3.645507E+06,4.571445E+01,1.335733E+06,4.571445E+01,0.000000E+00,0.000000E+00,8.850914E+00,0.000000E+00,4.391457E+01,5.166502E+05,6.829748E+05,8.850914E+00,0.000000E+00,4.329513E+01,4.874241E+05,7.513142E+05,8.850914E+00,2.586153E+05,8.850914E+00,0.000000E+00,0.000000E+00,8.850914E+00,0.000000E+00,4.788912E+01,5.613910E+05,7.864086E+05,8.850914E+00,0.000000E+00,4.488935E+01,5.052690E+05,8.768020E+05,3.372322E+01,5.326779E+04,8.850914E+00,0.000000E+00,0.000000E+00
19:30:00,7.341052E+01,0.000000E+00,1.169302E+02,1.476977E+06,2.725428E+06,7.341052E+01,0.000000E+00,1.165455E+02,1.288228E+06,3.298928E+06,7.341052E+01,2.144986E+06,7.341052E+01,0.000000E+00,0.000000E+00,4.571445E+01,0.000000E+00,1.477953E+02,1.968080E+06,3.269460E+06,4.571445E+01,0.000000E+00,1.472838E+02,1.846438E+06,3.627245E+06,4.571445E+01,1.335733E+06,4.571445E+01,0.000000E+00,0.000000E+00,8.850914E+00,0.000000E+00,4.336422E+01,5.081705E+05,6.741291E+05,8.850914E+00,0.000000E+00,4.275023E+01,4.790059E+05,7.425006E+05,8.850914E+00,2.586153E+05,8.850914E+00,0.000000E+00,0.000000E+00,8.850914E+00,0.000000E+00,4.678073E+01,5.466220E+05,7.704167E+05,8.850914E+00,0.000000E+00,4.378341E+01,4.905300E+05,8.601100E+05,3.363393E+01,5.400509E+04,8.850914E+00,0.000000E+00,0.000000E+00
19:45:00,7.341052E+01,0.000000E+00,1.165146E+02,1.453433E+06,2.699525E+06,7.341052E+01,0.000000E+00,1.161351E+02,1.264744E+06,3.273001E+06,7.341052E+01,2.144986E+06,7.341052E+01,0.000000E+00,0.000000E+00,4.571445E+01,0.000000E+00,1.474154E+02,1.951294E+06,3.251866E+06,4.571445E+01,0.000000E+00,1.469070E+02,1.829693E+06,3.609662E+06,4.571445E+01,1.335733E+06,4.571445E+01,0.000000E+00,0.000000E+00,8.850914E+00,0.000000E+00,4.278782E+01,4.993971E+05,6.650094E+05,8.850914E+00,0.000000E+00,4.218010E+01,4.703033E+05,7.334246E+05,8.850914E+00,2.586153E+05,8.850914E+00,0.000000E+00,0.000000E+00,8.850914E+00,0.000000E+00,4.566994E+01,5.318256E+05,7.544097E+05,8.850914E+00,0.000000E+00,4.267613E+01,4.757757E+05,8.434136E+05,3.354760E+01,5.471783E+04,8.850914E+00,0.000000E+00,0.000000E+00
20:00:00,7.341052E+01,0.000000E+00,1.161554E+02,1.430525E+06,2.674611E+06,7.341052E+01,0.000000E+00,1.157798E+02,1.241879E+06,3.248040E+06,7.341052E+01,2.144986E+06,7.341052E+01,0.000000E+00,0.000000E+00,4.571445E+01,0.000000E+00,1.470211E+02,1.934318E+06,3.233877E+06,4.571445E+01,0.000000E+00,1.465154E+02,1.812753E+06,3.591677E+06,4.571445E+01,1.335733E+06,4.571445E+01,0.000000E+00,0.000000E+00,8.850914E+00,0.000000E+00,4.227031E+01,4.912876E+05,6.566339E+05,8.850914E+00,0.000000E+00,4.166818E+01,4.622570E+05,7.250928E+05,8.850914E+00,2.586153E+05,8.850914E+00,0.000000E+00,0.000000E+00,8.850914E+00,0.000000E+00,4.465112E+01,5.180661E+05,7.395891E+05,8.850914E+00,0.000000E+00,4.166027E+01,4.620517E+05,8.279837E+05,3.346415E+01,5.540692E+04,8.850914E+00,0.000000E+00,0.000000E+00
20:15:00,7.341052E+01,0.000000E+00,1.158587E+02,1.411748E+06,2.654050E+06,7.341052E+01,0.000000E+00,1.154861E+02,1.223136E+06,3.227441E+06,7.341052E+01,2.144986E+06,7.341052E+01,0.000000E+00,0.000000E+00,4.571445E+01,0.000000E+00,1.467078E+02,1.920550E+06,3.219127E+06,4.571445E+01,0.000000E+00,1.462039E+02,1.799009E+06,3.576926E+06,4.571445E+01,1.335733E+06,4.571445E+01,0.000000E+00,0.000000E+00,8.850914E+00,0.000000E+00,4.188559E+01,4.850888E+05,6.503002E+05,8.850914E+00,0.000000E+00,4.128735E+01,4.561021E+05,7.187975E+05,8.850914E+00,2.586153E+05,8.850914E+00,0.000000E+00,0.000000E+00,8.850914E+00,0.000000E+00,4.379601E+01,5.065652E+05,7.272714E+05,8.850914E+00,0.000000E+00,4.080622E+01,4.505644E+05,8.151843E+05,3.338345E+01,5.607322E+04,8.850914E+00,0.000000E+00,0.000000E+00
20:30:00,7.341052E+01,0.000000E+00,1.156578E+02,1.394050E+06,2.634977E+06,7.341052E+01,0.000000E+00,1.152870E+02,1.205458E+06,3.208316E+06,7.341052E+01,2.144986E+06,7.341052E+01,0.000000E+00,0.000000E+00,4.571445E+01,0.000000E+00,1.464693E+02,1.907774E+06,3.205423E+06,4.571445E+01,0.000000E+00,1.459667E+02,1.786249E+06,3.563214E+06,4.571445E+01,1.335733E+06,4.571445E+01,0.000000E+00,0.000000E+00,8.850914E+00,0.000000E+00,4.160311E+01,4.800425E+05,6.451736E+05,8.850914E+00,0.000000E+00,4.100750E+01,4.510855E+05,7.137011E+05,8.850914E+00,2.586153E+05,8.850914E+00,0.000000E+00,0.000000E+00,8.850914E+00,0.000000E+00,4.308280E+01,4.966636E+05,7.166865E+05,8.850914E+00,0.000000E+00,4.009267E+01,4.406603E+05,8.041920E+05,3.330541E+01,5.671757E+04,8.850914E+00,0.000000E+00,0.000000E+00
20:45:00,7.341052E+01,0.000000E+00,1.155214E+02,1.377077E+06,2.616953E+06,7.341052E+01,0.000000E+00,1.151516E+02,1.188497E+06,3.190229E+06,7.341052E+01,2.144986E+06,7.341052E+01,0.000000E+00,0.000000E+00,4.571445E+01,0.000000E+00,1.462830E+02,1.895689E+06,3.192605E+06,4.571445E+01,0.000000E+00,1.457810E+02,1.774173E+06,3.550381E+06,4.571445E+01,1.335733E+06,4.571445E+01,0.000000E+00,0.000000E+00,8.850914E+00,0.000000E+00,4.139225E+01,4.758036E+05,6.408824E+05,8.850914E+00,0.000000E+00,4.079809E+01,4.468630E+05,7.094284E+05,8.850914E+00,2.586153E+05,8.850914E+00,0.000000E+00,0.000000E+00,8.850914E+00,0.000000E+00,4.248450E+01,4.880573E+05,7.075037E+05,8.850914E+00,0.000000E+00,3.949280E+01,4.320373E+05,7.946539E+05,3.322993E+01,5.734075E+04,8.850914E+00,0.000000E+00,0.000000E+00
21:00:00,7.341052E+01,0.000000E+00,1.154068E+02,1.360350E+06,2.599287E+06,7.341052E+01,0.000000E+00,1.150382E+02,1.171783E+06,3.171467E+06,7.341052E+01,2.144986E+06,7.341052E+01,0.000000E+00,0.000000E+00,4.571445E+01,0.000000E+00,1.461119E+02,1.883806E+06,3.180074E+06,4.571445E+01,0.000000E+00,1.456106E+02,1.762298E+06,3.537188E+06,4.571445E+01,1.335733E+06,4.571445E+01,0.000000E+00,0.000000E+00,8.850914E+00,0.000000E+00,4.120610E+01,4.718435E+05,6.368524E+05,8.850914E+00,0.000000E+00,4.061357E+01,4.429212E+05,7.052922E+05,8.850914E+00,2.586153E+05,8.850914E+00,0.000000E+00,0.000000E+00,8.850914E+00,0.000000E+00,4.195203E+01,4.801931E+05,6.990915E+05,8.850914E+00,0.000000E+00,3.895904E+01,4.241593E+05,7.857824E+05,3.315693E+01,5.794351E+04,8.850914E+00,0.000000E+00,0.000000E+00
21:15:00,7.341052E+01,0.000000E+00,1.153023E+02,1.343737E+06,2.581798E+06,7.341052E+01,0.000000E+00,1.149348E+02,1.155182E+06,3.111515E+06,7.341052E+01,2.144986E+06,7.341052E+01,0.000000E+00,0.000000E+00,4.571445E+01,0.000000E+00,1.459489E+02,1.872030E+06,3.167697E+06,4.571445E+01,0.000000E+00,1.454481E+02,1.750530E+06,3.498348E+06,4.571445E+01,1.335733E+06,4.571445E+01,0.000000E+00,0.000000E+00,8.850914E+00,0.000000E+00,4.103008E+01,4.679975E+05,6.329194E+05,8.850914E+00,0.000000E+00,4.043936E+01,4.390957E+05,6.962608E+05,8.850914E+00,2.586153E+05,8.850914E+00,0.000000E+00,0.000000E+00,8.850914E+00,0.000000E+00,4.145776E+01,4.727596E+05,6.911096E+05,8.850914E+00,0.000000E+00,3.846374E+01,4.167149E+05,7.723313E+05,3.308631E+01,5.852659E+04,8.850914E+00,0.000000E+00,0.000000E+00
21:30:00,7.341052E+01,0.000000E+00,1.152045E+02,1.327200E+06,2.564425E+06,7.341052E+01,0.000000E+00,1.148381E+02,1.138657E+06,3.052183E+06,7.341052E+01,2.144986E+06,7.341052E+01,0.000000E+00,0.000000E+00,4.571445E+01,0.000000E+00,1.457933E+02,1.860354E+06,3.155441E+06,4.571445E+01,0.000000E+00,1.452929E+02,1.738860E+06,3.459824E+06,4.571445E+01,1.335733E+06,4.571445E+01,0.000000E+00,0.000000E+00,8.850914E+00,0.000000E+00,4.086102E+01,4.642301E+05,6.290561E+05,8.850914E+00,0.000000E+00,4.027250E+01,4.353531E+05,6.872931E+05,8.850914E+00,2.586153E+05,8.850914E+00,0.000000E+00,0.000000E+00,8.850914E+00,0.000000E+00,4.099213E+01,4.656492E+05,6.834566E+05,8.850914E+00,0.000000E+00,3.799740E+01,4.095972E+05,7.585225E+05,3.301799E+01,5.909067E+04,8.850914E+00,0.000000E+00,0.000000E+00
21:45:00,7.341052E+01,0.000000E+00,1.151116E+02,1.310719E+06,2.547130E+06,7.341052E+01,0.000000E+00,1.147461E+02,1.122186E+06,2.993427E+06,7.341052E+01,2.144986E+06,7.341052E+01,0.000000E+00,0.000000E+00,4.571445E+01,0.000000E+00,1.456441E+02,1.848762E+06,3.143278E+06,4.571445E+01,0.000000E+00,1.451440E+02,1.727272E+06,3.421610E+06,4.571445E+01,1.335733E+06,4.571445E+01,0.000000E+00,0.000000E+00,8.850914E+00,0.000000E+00,4.069720E+01,4.605219E+05,6.252476E+05,8.850914E+00,0.000000E+00,4.011105E+01,4.316716E+05,6.783548E+05,8.850914E+00,2.586153E+05,8.850914E+00,0.000000E+00,0.000000E+00,8.850914E+00,0.000000E+00,4.054792E+01,4.587802E+05,6.760497E+05,8.850914E+00,0.000000E+00,3.755239E+01,4.027202E+05,7.441411E+05,3.295190E+01,5.963642E+04,8.850914E+00,0.000000E+00,0.000000E+00
22:00:00,7.341052E+01,0.000000E+00,1.150225E+02,1.294279E+06,2.529893E+06,7.341052E+01,0.000000E+00,1.146578E+02,1.105756E+06,2.935223E+06,7.341052E+01,2.144986E+06,7.341052E+01,0.000000E+00,0.000000E+00,4.571445E+01,0.000000E+00,1.455003E+02,1.837242E+06,3.131195E+06,4.571445E+01,0.000000E+00,1.450004E+02,1.715756E+06,3.383758E+06,4.571445E+01,1.335733E+06,4.571445E+01,0.000000E+00,0.000000E+00,8.850914E+00,0.000000E+00,4.053772E+01,4.568627E+05,6.214853E+05,8.850914E+00,0.000000E+00,3.995378E+01,4.280373E+05,6.694556E+05,8.850914E+00,2.586153E+05,8.850914E+00,0.000000E+00,0.000000E+00,8.850914E+00,0.000000E+00,4.012036E+01,4.520991E+05,6.688328E+05,8.850914E+00,0.000000E+00,3.712364E+01,3.960271E+05,7.294050E+05,3.288794E+01,6.016447E+04,8.850914E+00,0.000000E+00,0.000000E+00
22:15:00,7.341052E+01,0.000000E+00,1.148183E+02,1.280109E+06,2.514753E+06,7.341052E+01,0.000000E+00,1.144545E+02,1.091594E+06,2.888549E+06,7.341052E+01,2.144986E+06,7.341052E+01,0.000000E+00,0.000000E+00,4.571445E+01,0.000000E+00,1.452221E+02,1.826436E+06,3.120448E+06,4.571445E+01,0.000000E+00,1.447219E+02,1.704946E+06,3.353025E+06,4.571445E+01,1.335733E+06,4.571445E+01,0.000000E+00,0.000000E+00,8.850914E+00,0.000000E+00,3.034380E+01,3.463612E+05,4.947749E+05,8.850914E+00,0.000000E+00,2.990679E+01,3.189901E+05,5.390536E+05,8.850914E+00,2.586153E+05,8.850914E+00,0.000000E+00,0.000000E+00,8.850914E+00,0.000000E+00,2.993122E+01,3.412966E+05,5.308344E+05,8.850914E+00,0.000000E+00,2.768331E+01,2.926891E+05,5.810242E+05,2.464212E+01,1.282424E+05,8.850914E+00,0.000000E+00,0.000000E+00
22:30:00,7.341052E+01,0.000000E+00,1.146235E+02,1.266079E+06,2.499766E+06,7.341052E+01,0.000000E+00,1.142604E+02,1.077572E+06,2.842326E+06,7.341052E+01,2.144986E+06,7.341052E+01,0.000000E+00,0.000000E+00,4.571445E+01,0.000000E+00,1.449610E+02,1.815960E+06,3.109714E+06,4.571445E+01,0.000000E+00,1.444605E+02,1.694467E+06,3.322615E+06,4.571445E+01,1.335733E+06,4.571445E+01,0.000000E+00,0.000000E+00,8.850914E+00,0.000000E+00,2.181423E+01,2.544399E+05,3.891716E+05,8.850914E+00,0.000000E+00,2.138474E+01,2.268864E+05,4.284992E+05,8.850914E+00,2.586153E+05,8.850914E+00,0.000000E+00,0.000000E+00,8.850914E+00,0.000000E+00,2.078935E+01,2.416407E+05,4.069045E+05,8.850914E+00,0.000000E+00,1.872002E+01,1.937058E+05,4.398194E+05,1.641253E+01,1.961863E+05,8.850914E+00,0.000000E+00,0.000000E+00
22:45:00,7.341052E+01,0.000000E+00,1.145330E+02,1.253225E+06,2.486434E+06,7.341052E+01,0.000000E+00,1.141708E+02,1.064726E+06,2.798063E+06,7.341052E+01,2.144986E+06,7.341052E+01,0.000000E+00,0.000000E+00,4.571445E+01,0.000000E+00,1.448195E+02,1.807070E+06,3.100514E+06,4.571445E+01,0.000000E+00,1.443192E+02,1.685582E+06,3.294021E+06,4.571445E+01,1.335733E+06,4.571445E+01,0.000000E+00,0.000000E+00,8.850914E+00,0.000000E+00,1.495575E+01,1.736810E+05,2.957831E+05,8.850914E+00,0.000000E+00,1.458705E+01,1.466676E+05,3.303866E+05,8.850914E+00,2.586153E+05,8.850914E+00,0.000000E+00,0.000000E+00,8.850914E+00,0.000000E+00,1.347479E+01,1.545303E+05,2.884901E+05,8.850914E+00,0.000000E+00,1.140919E+01,1.056666E+05,2.975169E+05,8.850914E+00,2.586153E+05,8.850914E+00,0.000000E+00,0.000000E+00
23:00:00,7.341052E+01,0.000000E+00,1.144395E+02,1.240214E+06,2.472188E+06,7.341052E+01,0.000000E+00,1.140780E+02,1.051724E+06,2.753175E+06,7.341052E+01,2.144986E+06,7.341052E+01,0.000000E+00,0.000000E+00,4.571445E+01,0.000000E+00,1.446794E+02,1.797876E+06,3.089558E+06,4.571445E+01,0.000000E+00,1.441793E+02,1.676389E+06,3.263819E+06,4.571445E+01,1.335733E+06,4.571445E+01,0.000000E+00,0.000000E+00,8.850914E+00,0.000000E+00,8.850914E+00,9.380612E+04,2.043975E+05,8.850914E+00,0.000000E+00,8.850914E+00,7.157133E+04,2.388983E+05,8.850914E+00,2.586153E+05,8.850914E+00,0.000000E+00,0.000000E+00,8.850914E+00,0.000000E+00,8.850914E+00,9.380612E+04,2.043975E+05,8.850914E+00,0.000000E+00,8.850914E+00,7.157133E+04,2.388983E+05,8.850914E+00,2.586153E+05,8.850914E+00,0.000000E+00,0.000000E+00
23:15:00,7.341052E+01,0.000000E+00,1.144887E+02,1.228645E+06,2.460457E+06,7.341052E+01,0.000000E+00,1.141282E+02,1.040166E+06,2.711098E+06,7.341052E+01,2.144986E+06,7.341052E+01,0.000000E+00,0.000000E+00,4.571445E+01,0.000000E+00,1.447045E+02,1.790418E+06,3.081689E+06,4.571445E+01,0.000000E+00,1.442052E+02,1.668942E+06,3.236870E+06,4.571445E+01,1.335733E+06,4.571445E+01,0.000000E+00,0.000000E+00,8.850914E+00,0.000000E+00,9.395784E+00,9.994877E+04,2.115060E+05,8.850914E+00,0.000000E+00,8.965596E+00,7.172101E+04,2.356096E+05,8.850914E+00,2.586153E+05,8.850914E+00,0.000000E+00,0.000000E+00,8.850914E+00,0.000000E+00,8.850914E+00,9.235864E+04,2.029143E+05,8.850914E+00,0.000000E+00,8.850914E+00,7.012384E+04,2.337553E+05,8.850914E+00,2.586153E+05,8.850914E+00,0.000000E+00,0.000000E+00
23:30:00,7.341052E+01,0.000000E+00,1.145325E+02,1.216967E+06,2.448603E+06,7.341052E+01,0.000000E+00,1.141731E+02,1.028500E+06,2.669183E+06,7.341052E+01,2.144986E+06,7.341052E+01,0.000000E+00,0.000000E+00,4.571445E+01,0.000000E+00,1.447210E+02,1.782711E+06,3.073804E+06,4.571445E+01,0.000000E+00,1.442224E+02,1.661245E+06,3.210084E+06,4.571445E+01,1.335733E+06,4.571445E+01,0.000000E+00,0.000000E+00,8.850914E+00,0.000000E+00,1.046175E+01,1.134455E+05,2.268335E+05,8.850914E+00,0.000000E+00,1.006198E+01,8.561816E+04,2.482518E+05,8.850914E+00,2.586153E+05,8.850914E+00,0.000000E+00,0.000000E+00,8.850914E+00,0.000000E+00,8.850914E+00,9.091115E+04,2.014311E+05,8.850914E+00,0.000000E+00,8.850914E+00,6.867636E+04,2.286470E+05,8.850914E+00,2.586153E+05,8.850914E+00,0.000000E+00,0.000000E+00
23:45:00,7.341052E+01,0.000000E+00,1.144758E+02,1.204153E+06,2.435065E+06,7.341052E+01,0.000000E+00,1.141175E+02,1.015700E+06,2.625862E+06,7.341052E+01,2.144986E+06,7.341052E+01,0.000000E+00,0.000000E+00,4.571445E+01,0.000000E+00,1.446252E+02,1.773503E+06,3.064045E+06,4.571445E+01,0.000000E+00,1.441268E+02,1.652040E+06,3.181582E+06,4.571445E+01,1.335733E+06,4.571445E+01,0.000000E+00,0.000000E+00,8.850914E+00,0.000000E+00,9.987581E+00,1.053646E+05,2.178047E+05,8.850914E+00,0.000000E+00,9.562929E+00,7.718922E+04,2.350641E+05,8.850914E+00,2.586153E+05,8.850914E+00,0.000000E+00,0.000000E+00,8.850914E+00,0.000000E+00,8.850914E+00,8.946367E+04,1.999479E+05,8.850914E+00,0.000000E+00,8.850914E+00,6.722887E+04,2.235729E+05,8.850914E+00,2.586153E+05,8.850914E+00,0.000000E+00,0.000000E+00
24:00:00,7.341052E+01,0.000000E+00,1.144259E+02,1.191538E+06,2.421940E+06,7.341052E+01,0.000000E+00,1.140691E+02,1.003102E+06,2.583240E+06,7.341052E+01,2.144986E+06,7.341052E+01,0.000000E+00,0.000000E+00,4.571445E+01,0.000000E+00,1.445346E+02,1.764686E+06,3.054938E+06,4.571445E+01,0.000000E+00,1.440365E+02,1.643226E+06,3.153910E+06,4.571445E+01,1.335733E+06,4.571445E+01,0.000000E+00,0.000000E+00,8.850914E+00,0.000000E+00,1.091154E+01,1.168426E+05,2.307072E+05,8.850914E+00,0.000000E+00,1.047319E+01,8.847542E+04,2.446088E+05,8.850914E+00,2.586153E+05,8.850914E+00,0.000000E+00,0.000000E+00,8.850914E+00,0.000000E+00,8.850914E+00,8.801618E+04,1.984647E+05,8.850914E+00,0.000000E+00,8.850914E+00,6.578139E+04,2.185329E+05,8.850914E+00,2.586153E+05,8.850914E+00,0.000000E+00,0.000000E+00
Coinc Peak   ,7.341052E+01,1.276425E+02,2.144986E+06,1.812808E+06,4.571445E+01,1.608902E+02,1.335733E+06,2.195884E+06,1.207140E+01,5.423073E+01,2.586153E+05,6.106461E+05,4.812856E+01,5.713234E+01,2.586153E+05,7.001166E+05
NonCoinc Peak,7.341052E+01,1.269970E+02,2.144986E+06,1.812808E+06,4.571445E+01,1.608902E+02,1.335733E+06,2.195884E+06,1.207140E+01,5.423073E+01,2.586153E+05,6.106461E+05,4.812856E+01,5.713234E+01,2.586153E+05,7.001166E+05
