Time,1 ZONE VAV:DesPer 1:Des Heat Mass Flow [kg/s],1 ZONE VAV:DesPer 1:Des Heat Cap [W],1 ZONE VAV:DesPer 1:Des Cool Mass Flow [kg/s],1 ZONE VAV:DesPer 1:Des Sens Cool Cap [W],1 ZONE VAV:DesPer 1:Des Tot Cool Cap [W],1 ZONE VAV:DesPer 2:Des Heat Mass Flow [kg/s],1 ZONE VAV:DesPer 2:Des Heat Cap [W],1 ZONE VAV:DesPer 2:Des Cool Mass Flow [kg/s],1 ZONE VAV:DesPer 2:Des Sens Cool Cap [W],1 ZONE VAV:DesPer 2:Des Tot Cool Cap [W],1 ZONE VAV:DesPer 3:Des Heat Mass Flow [kg/s],1 ZONE VAV:DesPer 3:Des Heat Cap [W],1 ZONE VAV:DesPer 3:Des Cool Mass Flow [kg/s],1 ZONE VAV:DesPer 3:Des Sens Cool Cap [W],1 ZONE VAV:DesPer 3:Des Tot Cool Cap [W],1 ZONE VAV 1:DesPer 1:Des Heat Mass Flow [kg/s],1 ZONE VAV 1:DesPer 1:Des Heat Cap [W],1 ZONE VAV 1:DesPer 1:Des Cool Mass Flow [kg/s],1 ZONE VAV 1:DesPer 1:Des Sens Cool Cap [W],1 ZONE VAV 1:DesPer 1:Des Tot Cool Cap [W],1 ZONE VAV 1:DesPer 2:Des Heat Mass Flow [kg/s],1 ZONE VAV 1:DesPer 2:Des Heat Cap [W],1 ZONE VAV 1:DesPer 2:Des Cool Mass Flow [kg/s],1 ZONE VAV 1:DesPer 2:Des Sens Cool Cap [W],1 ZONE VAV 1:DesPer 2:Des Tot Cool Cap [W],1 ZONE VAV 1:DesPer 3:Des Heat Mass Flow [kg/s],1 ZONE VAV 1:DesPer 3:Des Heat Cap [W],1 ZONE VAV 1:DesPer 3:Des Cool Mass Flow [kg/s],1 ZONE VAV 1:DesPer 3:Des Sens Cool Cap [W],1 ZONE VAV 1:DesPer 3:Des Tot Cool Cap [W],1 ZONE VAV 2:DesPer 1:Des Heat Mass Flow [kg/s],1 ZONE VAV 2:DesPer 1:Des Heat Cap [W],1 ZONE VAV 2:DesPer 1:Des Cool Mass Flow [kg/s],1 ZONE VAV 2:DesPer 1:Des Sens Cool Cap [W],1 ZONE VAV 2:DesPer 1:Des Tot Cool Cap [W],1 ZONE VAV 2:DesPer 2:Des Heat Mass Flow [kg/s],1 ZONE VAV 2:DesPer 2:Des Heat Cap [W],1 ZONE VAV 2:DesPer 2:Des Cool Mass Flow [kg/s],1 ZONE VAV 2:DesPer 2:Des Sens Cool Cap [W],1 ZONE VAV 2:DesPer 2:Des Tot Cool Cap [W],1 ZONE VAV 2:DesPer 3:Des Heat Mass Flow [kg/s],1 ZONE VAV 2:DesPer 3:Des Heat Cap [W],1 ZONE VAV 2:DesPer 3:Des Cool Mass Flow [kg/s],1 ZONE VAV 2:DesPer 3:Des Sens Cool Cap [W],1 ZONE VAV 2:DesPer 3:Des Tot Cool Cap [W],1 ZONE VAV 3:DesPer 1:Des Heat Mass Flow [kg/s],1 ZONE VAV 3:DesPer 1:Des Heat Cap [W],1 ZONE VAV 3:DesPer 1:Des Cool Mass Flow [kg/s],1 ZONE VAV 3:DesPer 1:Des Sens Cool Cap [W],1 ZONE VAV 3:DesPer 1:Des Tot Cool Cap [W],1 ZONE VAV 3:DesPer 2:Des Heat Mass Flow [kg/s],1 ZONE VAV 3:DesPer 2:Des Heat Cap [W],1 ZONE VAV 3:DesPer 2:Des Cool Mass Flow [kg/s],1 ZONE VAV 3:DesPer 2:Des Sens Cool Cap [W],1 ZONE VAV 3:DesPer 2:Des Tot Cool Cap [W],1 ZONE VAV 3:DesPer 3:Des Heat Mass Flow [kg/s],1 ZONE VAV 3:DesPer 3:Des Heat Cap [W],1 ZONE VAV 3:DesPer 3:Des Cool Mass Flow [kg/s],1 ZONE VAV 3:DesPer 3:Des Sens Cool Cap [W],1 ZONE VAV 3:DesPer 3:Des Tot Cool Cap [W]
01:00:00,1.457798E+02,0.000000E+00,1.457798E+02,1.367938E+06,3.185074E+06,1.457798E+02,0.000000E+00,1.457798E+02,1.001718E+06,3.318942E+06,1.457798E+02,4.259547E+06,1.457798E+02,0.000000E+00,0.000000E+00,1.041284E+01,0.000000E+00,1.949608E+01,2.247782E+05,3.662272E+05,1.041284E+01,0.000000E+00,1.890411E+01,1.903370E+05,3.697292E+05,1.041284E+01,3.042534E+05,1.041284E+01,0.000000E+00,0.000000E+00,1.041284E+01,0.000000E+00,1.946941E+01,2.244045E+05,3.670071E+05,1.041284E+01,0.000000E+00,1.882895E+01,1.892849E+05,3.702033E+05,1.041284E+01,3.042534E+05,1.041284E+01,0.000000E+00,0.000000E+00,9.294418E+01,0.000000E+00,1.818790E+02,2.052041E+06,3.773068E+06,9.294418E+01,0.000000E+00,1.772078E+02,1.756490E+06,3.805610E+06,9.294418E+01,2.715741E+06,9.294418E+01,0.000000E+00,0.000000E+00
02:00:00,1.457798E+02,0.000000E+00,1.457798E+02,1.313444E+06,3.129234E+06,1.457798E+02,0.000000E+00,1.457798E+02,9.472243E+05,3.135527E+06,1.457798E+02,4.259547E+06,1.457798E+02,0.000000E+00,0.000000E+00,1.041284E+01,0.000000E+00,2.026815E+01,2.316868E+05,3.726172E+05,1.041284E+01,0.000000E+00,1.966918E+01,1.971477E+05,3.667355E+05,1.041284E+01,3.042534E+05,1.041284E+01,0.000000E+00,0.000000E+00,1.041284E+01,0.000000E+00,2.110638E+01,2.434123E+05,3.864577E+05,1.041284E+01,0.000000E+00,2.045450E+01,2.081326E+05,3.804189E+05,1.041284E+01,3.042534E+05,1.041284E+01,0.000000E+00,0.000000E+00,9.294418E+01,0.000000E+00,1.062601E+02,1.059680E+06,2.339725E+06,9.294418E+01,0.000000E+00,1.026556E+02,7.660757E+05,2.256329E+06,9.294418E+01,2.715741E+06,9.294418E+01,0.000000E+00,0.000000E+00
03:00:00,1.457798E+02,0.000000E+00,1.457798E+02,1.272574E+06,3.087357E+06,1.457798E+02,0.000000E+00,1.457798E+02,9.063541E+05,2.999783E+06,1.457798E+02,4.259547E+06,1.457798E+02,0.000000E+00,0.000000E+00,1.041284E+01,0.000000E+00,2.112170E+01,2.407087E+05,3.811067E+05,1.041284E+01,0.000000E+00,2.051911E+01,2.061190E+05,3.682380E+05,1.041284E+01,3.042534E+05,1.041284E+01,0.000000E+00,0.000000E+00,1.041284E+01,0.000000E+00,2.216653E+01,2.553244E+05,3.978145E+05,1.041284E+01,0.000000E+00,2.151273E+01,2.200179E+05,3.847232E+05,1.041284E+01,3.042534E+05,1.041284E+01,0.000000E+00,0.000000E+00,9.294418E+01,0.000000E+00,1.161076E+02,1.211461E+06,2.598881E+06,9.294418E+01,0.000000E+00,1.125650E+02,9.167589E+05,2.458870E+06,9.294418E+01,2.715741E+06,9.294418E+01,0.000000E+00,0.000000E+00
04:00:00,1.457798E+02,0.000000E+00,1.457798E+02,1.231704E+06,3.045477E+06,1.457798E+02,0.000000E+00,1.457798E+02,8.654839E+05,2.865570E+06,1.457798E+02,4.259547E+06,1.457798E+02,0.000000E+00,0.000000E+00,1.041284E+01,0.000000E+00,2.175070E+01,2.465783E+05,3.871566E+05,1.041284E+01,0.000000E+00,2.114277E+01,2.119120E+05,3.674471E+05,1.041284E+01,3.042534E+05,1.041284E+01,0.000000E+00,0.000000E+00,1.041284E+01,0.000000E+00,2.291630E+01,2.628808E+05,4.055857E+05,1.041284E+01,0.000000E+00,2.225775E+01,2.275051E+05,3.856049E+05,1.041284E+01,3.042534E+05,1.041284E+01,0.000000E+00,0.000000E+00,9.294418E+01,0.000000E+00,1.146625E+02,1.159702E+06,2.553454E+06,9.294418E+01,0.000000E+00,1.110598E+02,8.640561E+05,2.347755E+06,9.294418E+01,2.715741E+06,9.294418E+01,0.000000E+00,0.000000E+00
05:00:00,1.457798E+02,0.000000E+00,1.457798E+02,1.204457E+06,3.017560E+06,1.457798E+02,0.000000E+00,1.457798E+02,8.382372E+05,2.776934E+06,1.457798E+02,4.259547E+06,1.457798E+02,0.000000E+00,0.000000E+00,1.041284E+01,0.000000E+00,2.227322E+01,2.519400E+05,3.918632E+05,1.041284E+01,0.000000E+00,2.166208E+01,2.172285E+05,3.672203E+05,1.041284E+01,3.042534E+05,1.041284E+01,0.000000E+00,0.000000E+00,1.041284E+01,0.000000E+00,2.342287E+01,2.680187E+05,4.098227E+05,1.041284E+01,0.000000E+00,2.276265E+01,2.326196E+05,3.847301E+05,1.041284E+01,3.042534E+05,1.041284E+01,0.000000E+00,0.000000E+00,9.294418E+01,0.000000E+00,1.185726E+02,1.209306E+06,2.644792E+06,9.294418E+01,0.000000E+00,1.149682E+02,9.136819E+05,2.400620E+06,9.294418E+01,2.715741E+06,9.294418E+01,0.000000E+00,0.000000E+00
06:00:00,1.457798E+02,0.000000E+00,1.457798E+02,1.231704E+06,3.045477E+06,1.457798E+02,0.000000E+00,1.457798E+02,8.654839E+05,2.865570E+06,1.457798E+02,4.259547E+06,1.457798E+02,0.000000E+00,0.000000E+00,1.041284E+01,0.000000E+00,3.225212E+01,3.746499E+05,5.199180E+05,1.041284E+01,0.000000E+00,3.157704E+01,3.396237E+05,4.995217E+05,1.041284E+01,3.042534E+05,1.041284E+01,0.000000E+00,0.000000E+00,1.041284E+01,0.000000E+00,3.358363E+01,3.921342E+05,5.396711E+05,1.041284E+01,0.000000E+00,3.285734E+01,3.564347E+05,5.187983E+05,1.041284E+01,3.042534E+05,1.041284E+01,0.000000E+00,0.000000E+00,9.294418E+01,0.000000E+00,1.532740E+02,1.726548E+06,3.418636E+06,9.294418E+01,0.000000E+00,1.491912E+02,1.429191E+06,3.224038E+06,9.294418E+01,2.715741E+06,9.294418E+01,0.000000E+00,0.000000E+00
07:00:00,1.457798E+02,0.000000E+00,1.457798E+02,1.327068E+06,3.143194E+06,1.457798E+02,0.000000E+00,1.457798E+02,9.608477E+05,3.181120E+06,1.457798E+02,4.259547E+06,1.457798E+02,0.000000E+00,0.000000E+00,1.041284E+01,0.000000E+00,4.427813E+01,5.165054E+05,6.874961E+05,1.041284E+01,0.000000E+00,4.352814E+01,4.809911E+05,6.828291E+05,1.262763E+01,2.905340E+05,1.041284E+01,0.000000E+00,0.000000E+00,1.041284E+01,0.000000E+00,4.546494E+01,5.313016E+05,7.051426E+05,1.041284E+01,0.000000E+00,4.466437E+01,4.951551E+05,7.001721E+05,1.572469E+01,2.697971E+05,1.041284E+01,0.000000E+00,0.000000E+00,9.294418E+01,0.000000E+00,1.967247E+02,2.291986E+06,4.175460E+06,9.294418E+01,0.000000E+00,1.921883E+02,1.994610E+06,4.139852E+06,9.294418E+01,2.715741E+06,9.294418E+01,0.000000E+00,0.000000E+00
08:00:00,1.457798E+02,0.000000E+00,1.457798E+02,1.558665E+06,3.380507E+06,1.457798E+02,0.000000E+00,1.457798E+02,1.192445E+06,3.983458E+06,1.457798E+02,4.259547E+06,1.457798E+02,0.000000E+00,0.000000E+00,1.041284E+01,0.000000E+00,5.573255E+01,6.425235E+05,8.358061E+05,1.041284E+01,0.000000E+00,5.492022E+01,6.067825E+05,8.731350E+05,1.767108E+01,2.466084E+05,1.041284E+01,0.000000E+00,0.000000E+00,1.041284E+01,0.000000E+00,5.679792E+01,6.550688E+05,8.511109E+05,1.041284E+01,0.000000E+00,5.593466E+01,6.187239E+05,8.885117E+05,2.023055E+01,2.263146E+05,1.041284E+01,0.000000E+00,0.000000E+00,9.294418E+01,0.000000E+00,2.001847E+02,2.429844E+06,4.250251E+06,9.294418E+01,0.000000E+00,1.956026E+02,2.134405E+06,4.597314E+06,9.294418E+01,2.715741E+06,9.294418E+01,0.000000E+00,0.000000E+00
09:00:00,1.457798E+02,0.000000E+00,1.457798E+02,1.817510E+06,3.645737E+06,1.457798E+02,0.000000E+00,1.457798E+02,1.451290E+06,4.794878E+06,1.457798E+02,4.259547E+06,1.457798E+02,0.000000E+00,0.000000E+00,1.041284E+01,0.000000E+00,5.298660E+01,6.103194E+05,8.035339E+05,1.041284E+01,0.000000E+00,5.216906E+01,5.749077E+05,8.814988E+05,1.247020E+01,2.872594E+05,1.041284E+01,0.000000E+00,0.000000E+00,1.041284E+01,0.000000E+00,5.337506E+01,6.147175E+05,8.091854E+05,1.041284E+01,0.000000E+00,5.250896E+01,5.787541E+05,8.874728E+05,1.407650E+01,2.739919E+05,1.041284E+01,0.000000E+00,0.000000E+00,9.294418E+01,0.000000E+00,2.019546E+02,2.604975E+06,4.399602E+06,9.294418E+01,0.000000E+00,1.974077E+02,2.310683E+06,5.111586E+06,9.294418E+01,2.715741E+06,9.294418E+01,0.000000E+00,0.000000E+00
10:00:00,1.457798E+02,0.000000E+00,1.457798E+02,2.049107E+06,3.883047E+06,1.457798E+02,0.000000E+00,1.457798E+02,1.682887E+06,5.033950E+06,1.457798E+02,4.259547E+06,1.457798E+02,0.000000E+00,0.000000E+00,1.041284E+01,0.000000E+00,5.304862E+01,6.271451E+05,8.160678E+05,1.041284E+01,0.000000E+00,5.224575E+01,5.919104E+05,8.965093E+05,1.260677E+01,2.861339E+05,1.041284E+01,0.000000E+00,0.000000E+00,1.041284E+01,0.000000E+00,5.297814E+01,6.263529E+05,8.163212E+05,1.041284E+01,0.000000E+00,5.212936E+01,5.905973E+05,8.974604E+05,1.352840E+01,2.785227E+05,1.041284E+01,0.000000E+00,0.000000E+00,9.294418E+01,0.000000E+00,2.031369E+02,2.766107E+06,4.571547E+06,9.294418E+01,0.000000E+00,1.986367E+02,2.472444E+06,5.309225E+06,9.294418E+01,2.715741E+06,9.294418E+01,0.000000E+00,0.000000E+00
11:00:00,1.457798E+02,0.000000E+00,1.457798E+02,2.253458E+06,4.092439E+06,1.457798E+02,0.000000E+00,1.457798E+02,1.887238E+06,5.244898E+06,1.457798E+02,4.259547E+06,1.457798E+02,0.000000E+00,0.000000E+00,1.041284E+01,0.000000E+00,5.143581E+01,6.234420E+05,8.116162E+05,1.041284E+01,0.000000E+00,5.063657E+01,5.882479E+05,8.931112E+05,1.145890E+01,2.956143E+05,1.041284E+01,0.000000E+00,0.000000E+00,1.041284E+01,0.000000E+00,5.074723E+01,6.156776E+05,8.044138E+05,1.041284E+01,0.000000E+00,4.990353E+01,5.799788E+05,8.866950E+05,1.179950E+01,2.928016E+05,1.041284E+01,0.000000E+00,0.000000E+00,9.294418E+01,0.000000E+00,2.051567E+02,2.921894E+06,4.737292E+06,9.294418E+01,0.000000E+00,2.007130E+02,2.628863E+06,5.480746E+06,9.294418E+01,2.715741E+06,9.294418E+01,0.000000E+00,0.000000E+00
12:00:00,1.457798E+02,0.000000E+00,1.457798E+02,2.389692E+06,4.232033E+06,1.457798E+02,0.000000E+00,1.457798E+02,2.023472E+06,5.385528E+06,1.457798E+02,4.259547E+06,1.457798E+02,0.000000E+00,0.000000E+00,1.041284E+01,0.000000E+00,4.959947E+01,6.124376E+05,8.003209E+05,1.041284E+01,0.000000E+00,4.880989E+01,5.773511E+05,8.816921E+05,1.085968E+01,3.005627E+05,1.041284E+01,0.000000E+00,0.000000E+00,1.041284E+01,0.000000E+00,4.866806E+01,6.019355E+05,7.904736E+05,1.041284E+01,0.000000E+00,4.783380E+01,5.663418E+05,8.726145E+05,1.089739E+01,3.002514E+05,1.041284E+01,0.000000E+00,0.000000E+00,9.294418E+01,0.000000E+00,2.065045E+02,3.025882E+06,4.844256E+06,9.294418E+01,0.000000E+00,2.021033E+02,2.733332E+06,5.586936E+06,9.294418E+01,2.715741E+06,9.294418E+01,0.000000E+00,0.000000E+00
13:00:00,1.457798E+02,0.000000E+00,1.457798E+02,2.498679E+06,4.343709E+06,1.457798E+02,0.000000E+00,1.457798E+02,2.132459E+06,5.498033E+06,1.457798E+02,4.259547E+06,1.457798E+02,0.000000E+00,0.000000E+00,1.041284E+01,0.000000E+00,4.867292E+01,6.097659E+05,7.983535E+05,1.041284E+01,0.000000E+00,4.788820E+01,5.747344E+05,8.796487E+05,1.041284E+01,3.042534E+05,1.041284E+01,0.000000E+00,0.000000E+00,1.041284E+01,0.000000E+00,4.757905E+01,5.974318E+05,7.867677E+05,1.041284E+01,0.000000E+00,4.674878E+01,5.618833E+05,8.688269E+05,1.041284E+01,3.042534E+05,1.041284E+01,0.000000E+00,0.000000E+00,9.294418E+01,0.000000E+00,2.078921E+02,3.113345E+06,4.936239E+06,9.294418E+01,0.000000E+00,2.035170E+02,2.821106E+06,5.679784E+06,9.294418E+01,2.715741E+06,9.294418E+01,0.000000E+00,0.000000E+00
14:00:00,1.457798E+02,0.000000E+00,1.457798E+02,2.566796E+06,4.413506E+06,1.457798E+02,0.000000E+00,1.457798E+02,2.200576E+06,5.568347E+06,1.457798E+02,4.259547E+06,1.457798E+02,0.000000E+00,0.000000E+00,1.041284E+01,0.000000E+00,4.882714E+01,6.163633E+05,8.064920E+05,1.041284E+01,0.000000E+00,4.804131E+01,5.813191E+05,8.879855E+05,1.041284E+01,3.042534E+05,1.041284E+01,0.000000E+00,0.000000E+00,1.041284E+01,0.000000E+00,4.768440E+01,6.034774E+05,7.945347E+05,1.041284E+01,0.000000E+00,4.685180E+01,5.679025E+05,8.768444E+05,1.041284E+01,3.042534E+05,1.041284E+01,0.000000E+00,0.000000E+00,9.294418E+01,0.000000E+00,2.091703E+02,3.173470E+06,5.000478E+06,9.294418E+01,0.000000E+00,2.048057E+02,2.881351E+06,5.744936E+06,9.294418E+01,2.715741E+06,9.294418E+01,0.000000E+00,0.000000E+00
15:00:00,1.457798E+02,0.000000E+00,1.457798E+02,2.566796E+06,4.413506E+06,1.457798E+02,0.000000E+00,1.457798E+02,2.200576E+06,5.568347E+06,1.457798E+02,4.259547E+06,1.457798E+02,0.000000E+00,0.000000E+00,1.041284E+01,0.000000E+00,4.906463E+01,6.190346E+05,8.097586E+05,1.041284E+01,0.000000E+00,4.827842E+01,5.839855E+05,8.913891E+05,1.041284E+01,3.042534E+05,1.041284E+01,0.000000E+00,0.000000E+00,1.041284E+01,0.000000E+00,4.799345E+01,6.069546E+05,7.988437E+05,1.041284E+01,0.000000E+00,4.715921E+01,5.713603E+05,8.813410E+05,1.041284E+01,3.042534E+05,1.041284E+01,0.000000E+00,0.000000E+00,9.294418E+01,0.000000E+00,2.093752E+02,3.176067E+06,5.000500E+06,9.294418E+01,0.000000E+00,2.050083E+02,2.883912E+06,5.744477E+06,9.294418E+01,2.715741E+06,9.294418E+01,0.000000E+00,0.000000E+00
16:00:00,1.457798E+02,0.000000E+00,1.457798E+02,2.485056E+06,4.329749E+06,1.457798E+02,0.000000E+00,1.457798E+02,2.118836E+06,5.483969E+06,1.457798E+02,4.259547E+06,1.457798E+02,0.000000E+00,0.000000E+00,1.041284E+01,0.000000E+00,4.912963E+01,6.139260E+05,8.043818E+05,1.041284E+01,0.000000E+00,4.834386E+01,5.788814E+05,8.860030E+05,1.041284E+01,3.042534E+05,1.041284E+01,0.000000E+00,0.000000E+00,1.041284E+01,0.000000E+00,4.817937E+01,6.032084E+05,7.949904E+05,1.041284E+01,0.000000E+00,4.734454E+01,5.676065E+05,8.774957E+05,1.041284E+01,3.042534E+05,1.041284E+01,0.000000E+00,0.000000E+00,9.294418E+01,0.000000E+00,2.081434E+02,3.107621E+06,4.923067E+06,9.294418E+01,0.000000E+00,2.037606E+02,2.815267E+06,5.665380E+06,9.294418E+01,2.715741E+06,9.294418E+01,0.000000E+00,0.000000E+00
17:00:00,1.457798E+02,0.000000E+00,1.457798E+02,2.376069E+06,4.218073E+06,1.457798E+02,0.000000E+00,1.457798E+02,2.009849E+06,5.371464E+06,1.457798E+02,4.259547E+06,1.457798E+02,0.000000E+00,0.000000E+00,1.041284E+01,0.000000E+00,4.905723E+01,6.053247E+05,7.953355E+05,1.041284E+01,0.000000E+00,4.827123E+01,5.702775E+05,8.768926E+05,1.041284E+01,3.042534E+05,1.041284E+01,0.000000E+00,0.000000E+00,1.041284E+01,0.000000E+00,4.823155E+01,5.960111E+05,7.874196E+05,1.041284E+01,0.000000E+00,4.739563E+01,5.603968E+05,8.698560E+05,1.041284E+01,3.042534E+05,1.041284E+01,0.000000E+00,0.000000E+00,9.294418E+01,0.000000E+00,2.059678E+02,3.009368E+06,4.814269E+06,9.294418E+01,0.000000E+00,2.015619E+02,2.716732E+06,5.554657E+06,9.294418E+01,2.715741E+06,9.294418E+01,0.000000E+00,0.000000E+00
18:00:00,1.457798E+02,0.000000E+00,1.457798E+02,2.239835E+06,4.078480E+06,1.457798E+02,0.000000E+00,1.457798E+02,1.873615E+06,5.230834E+06,1.457798E+02,4.259547E+06,1.457798E+02,0.000000E+00,0.000000E+00,1.041284E+01,0.000000E+00,4.848016E+01,5.890895E+05,7.780773E+05,1.041284E+01,0.000000E+00,4.769635E+01,5.540675E+05,8.595171E+05,1.041284E+01,3.042534E+05,1.041284E+01,0.000000E+00,0.000000E+00,1.041284E+01,0.000000E+00,4.772984E+01,5.806253E+05,7.709547E+05,1.041284E+01,0.000000E+00,4.689547E+01,5.450290E+05,8.532350E+05,1.041284E+01,3.042534E+05,1.041284E+01,0.000000E+00,0.000000E+00,9.294418E+01,0.000000E+00,2.027897E+02,2.880501E+06,4.671580E+06,9.294418E+01,0.000000E+00,1.983566E+02,2.587535E+06,5.409493E+06,9.294418E+01,2.715741E+06,9.294418E+01,0.000000E+00,0.000000E+00
19:00:00,1.457798E+02,0.000000E+00,1.457798E+02,2.035484E+06,3.869087E+06,1.457798E+02,0.000000E+00,1.457798E+02,1.669264E+06,5.019887E+06,1.457798E+02,4.259547E+06,1.457798E+02,0.000000E+00,0.000000E+00,1.041284E+01,0.000000E+00,4.688057E+01,5.564637E+05,7.431646E+05,1.041284E+01,0.000000E+00,4.610414E+01,5.215262E+05,8.243682E+05,1.041284E+01,3.042534E+05,1.041284E+01,0.000000E+00,0.000000E+00,1.041284E+01,0.000000E+00,4.611707E+01,5.478514E+05,7.356833E+05,1.041284E+01,0.000000E+00,4.528981E+01,5.123370E+05,8.176398E+05,1.041284E+01,3.042534E+05,1.041284E+01,0.000000E+00,0.000000E+00,9.294418E+01,0.000000E+00,1.980929E+02,2.688129E+06,4.458110E+06,9.294418E+01,0.000000E+00,1.936266E+02,2.394765E+06,5.192285E+06,9.294418E+01,2.715741E+06,9.294418E+01,0.000000E+00,0.000000E+00
20:00:00,1.457798E+02,0.000000E+00,1.457798E+02,1.885627E+06,3.715533E+06,1.457798E+02,0.000000E+00,1.457798E+02,1.519407E+06,4.865193E+06,1.457798E+02,4.259547E+06,1.457798E+02,0.000000E+00,0.000000E+00,1.041284E+01,0.000000E+00,4.396728E+01,5.129231E+05,6.961024E+05,1.041284E+01,0.000000E+00,4.321150E+01,4.782210E+05,7.770460E+05,1.041284E+01,3.042534E+05,1.041284E+01,0.000000E+00,0.000000E+00,1.041284E+01,0.000000E+00,4.325625E+01,5.049033E+05,6.891305E+05,1.041284E+01,0.000000E+00,4.244828E+01,4.696093E+05,7.707210E+05,1.041284E+01,3.042534E+05,1.041284E+01,0.000000E+00,0.000000E+00,9.294418E+01,0.000000E+00,1.927996E+02,2.522620E+06,4.272115E+06,9.294418E+01,0.000000E+00,1.883149E+02,2.229058E+06,5.002906E+06,9.294418E+01,2.715741E+06,9.294418E+01,0.000000E+00,0.000000E+00
21:00:00,1.457798E+02,0.000000E+00,1.457798E+02,1.763016E+06,3.589897E+06,1.457798E+02,0.000000E+00,1.457798E+02,1.396796E+06,4.736571E+06,1.457798E+02,4.259547E+06,1.457798E+02,0.000000E+00,0.000000E+00,1.041284E+01,0.000000E+00,4.255244E+01,4.882206E+05,6.713158E+05,1.041284E+01,0.000000E+00,4.180911E+01,4.536604E+05,7.522947E+05,1.041284E+01,3.042534E+05,1.041284E+01,0.000000E+00,0.000000E+00,1.041284E+01,0.000000E+00,4.176734E+01,4.793662E+05,6.633469E+05,1.041284E+01,0.000000E+00,4.097092E+01,4.442042E+05,7.449373E+05,1.041284E+01,3.042534E+05,1.041284E+01,0.000000E+00,0.000000E+00,9.294418E+01,0.000000E+00,1.896808E+02,2.403223E+06,4.146747E+06,9.294418E+01,0.000000E+00,1.851768E+02,2.109433E+06,4.874810E+06,9.294418E+01,2.715741E+06,9.294418E+01,0.000000E+00,0.000000E+00
22:00:00,1.457798E+02,0.000000E+00,1.457798E+02,1.640406E+06,3.464263E+06,1.457798E+02,0.000000E+00,1.457798E+02,1.274186E+06,4.279429E+06,1.457798E+02,4.259547E+06,1.457798E+02,0.000000E+00,0.000000E+00,1.041284E+01,0.000000E+00,4.180049E+01,4.709843E+05,6.547958E+05,1.041284E+01,0.000000E+00,4.105900E+01,4.364449E+05,7.122973E+05,1.041284E+01,3.042534E+05,1.041284E+01,0.000000E+00,0.000000E+00,1.041284E+01,0.000000E+00,4.085959E+01,4.603740E+05,6.448459E+05,1.041284E+01,0.000000E+00,4.006450E+01,4.252273E+05,7.029333E+05,1.041284E+01,3.042534E+05,1.041284E+01,0.000000E+00,0.000000E+00,9.294418E+01,0.000000E+00,1.874017E+02,2.294883E+06,4.032343E+06,9.294418E+01,0.000000E+00,1.828724E+02,2.000771E+06,4.547717E+06,9.294418E+01,2.715741E+06,9.294418E+01,0.000000E+00,0.000000E+00
23:00:00,1.457798E+02,0.000000E+00,1.457798E+02,1.545042E+06,3.366547E+06,1.457798E+02,0.000000E+00,1.457798E+02,1.178822E+06,3.934796E+06,1.457798E+02,4.259547E+06,1.457798E+02,0.000000E+00,0.000000E+00,1.041284E+01,0.000000E+00,1.156606E+01,1.258858E+05,2.580679E+05,1.041284E+01,0.000000E+00,1.109631E+01,9.339789E+04,2.917499E+05,1.041284E+01,3.042534E+05,1.041284E+01,0.000000E+00,0.000000E+00,1.041284E+01,0.000000E+00,1.088016E+01,1.166467E+05,2.476515E+05,1.041284E+01,0.000000E+00,1.041284E+01,8.420156E+04,2.810568E+05,1.041284E+01,3.042534E+05,1.041284E+01,0.000000E+00,0.000000E+00,9.294418E+01,0.000000E+00,1.847376E+02,2.201908E+06,3.934214E+06,9.294418E+01,0.000000E+00,1.800844E+02,1.906474E+06,4.266010E+06,9.294418E+01,2.715741E+06,9.294418E+01,0.000000E+00,0.000000E+00
24:00:00,1.457798E+02,0.000000E+00,1.457798E+02,1.449678E+06,3.268830E+06,1.457798E+02,0.000000E+00,1.457798E+02,1.083458E+06,3.599366E+06,1.457798E+02,4.259547E+06,1.457798E+02,0.000000E+00,0.000000E+00,1.041284E+01,0.000000E+00,2.039973E+01,2.432585E+05,3.895977E+05,1.041284E+01,0.000000E+00,1.979000E+01,2.085690E+05,4.078367E+05,1.041284E+01,3.042534E+05,1.041284E+01,0.000000E+00,0.000000E+00,1.041284E+01,0.000000E+00,2.008557E+01,2.388634E+05,3.862259E+05,1.041284E+01,0.000000E+00,1.942364E+01,2.034435E+05,4.041756E+05,1.041284E+01,3.042534E+05,1.041284E+01,0.000000E+00,0.000000E+00,9.294418E+01,0.000000E+00,1.838338E+02,2.129690E+06,3.856609E+06,9.294418E+01,0.000000E+00,1.792185E+02,1.834824E+06,4.034282E+06,9.294418E+01,2.715741E+06,9.294418E+01,0.000000E+00,0.000000E+00
Coinc Peak   ,1.457798E+02,1.457798E+02,4.259547E+06,2.566796E+06,1.767108E+01,5.573255E+01,3.042534E+05,6.425235E+05,2.023055E+01,5.679792E+01,3.042534E+05,6.550688E+05,9.294418E+01,2.093752E+02,2.715741E+06,3.176067E+06
NonCoinc Peak,1.457798E+02,1.457798E+02,4.259547E+06,2.566796E+06,1.767108E+01,5.573255E+01,3.042534E+05,6.425235E+05,2.023055E+01,5.679792E+01,3.042534E+05,6.550688E+05,9.294418E+01,2.093752E+02,2.715741E+06,3.176067E+06
