Time,1 ZONE VAV:DesPer 1:Des Heat Mass Flow [kg/s],1 ZONE VAV:DesPer 1:Des Heat Cap [W],1 ZONE VAV:DesPer 1:Des Cool Mass Flow [kg/s],1 ZONE VAV:DesPer 1:Des Sens Cool Cap [W],1 ZONE VAV:DesPer 1:Des Tot Cool Cap [W],1 ZONE VAV:DesPer 2:Des Heat Mass Flow [kg/s],1 ZONE VAV:DesPer 2:Des Heat Cap [W],1 ZONE VAV:DesPer 2:Des Cool Mass Flow [kg/s],1 ZONE VAV:DesPer 2:Des Sens Cool Cap [W],1 ZONE VAV:DesPer 2:Des Tot Cool Cap [W],1 ZONE VAV:DesPer 3:Des Heat Mass Flow [kg/s],1 ZONE VAV:DesPer 3:Des Heat Cap [W],1 ZONE VAV:DesPer 3:Des Cool Mass Flow [kg/s],1 ZONE VAV:DesPer 3:Des Sens Cool Cap [W],1 ZONE VAV:DesPer 3:Des Tot Cool Cap [W],1 ZONE VAV 1:DesPer 1:Des Heat Mass Flow [kg/s],1 ZONE VAV 1:DesPer 1:Des Heat Cap [W],1 ZONE VAV 1:DesPer 1:Des Cool Mass Flow [kg/s],1 ZONE VAV 1:DesPer 1:Des Sens Cool Cap [W],1 ZONE VAV 1:DesPer 1:Des Tot Cool Cap [W],1 ZONE VAV 1:DesPer 2:Des Heat Mass Flow [kg/s],1 ZONE VAV 1:DesPer 2:Des Heat Cap [W],1 ZONE VAV 1:DesPer 2:Des Cool Mass Flow [kg/s],1 ZONE VAV 1:DesPer 2:Des Sens Cool Cap [W],1 ZONE VAV 1:DesPer 2:Des Tot Cool Cap [W],1 ZONE VAV 1:DesPer 3:Des Heat Mass Flow [kg/s],1 ZONE VAV 1:DesPer 3:Des Heat Cap [W],1 ZONE VAV 1:DesPer 3:Des Cool Mass Flow [kg/s],1 ZONE VAV 1:DesPer 3:Des Sens Cool Cap [W],1 ZONE VAV 1:DesPer 3:Des Tot Cool Cap [W],1 ZONE VAV 2:DesPer 1:Des Heat Mass Flow [kg/s],1 ZONE VAV 2:DesPer 1:Des Heat Cap [W],1 ZONE VAV 2:DesPer 1:Des Cool Mass Flow [kg/s],1 ZONE VAV 2:DesPer 1:Des Sens Cool Cap [W],1 ZONE VAV 2:DesPer 1:Des Tot Cool Cap [W],1 ZONE VAV 2:DesPer 2:Des Heat Mass Flow [kg/s],1 ZONE VAV 2:DesPer 2:Des Heat Cap [W],1 ZONE VAV 2:DesPer 2:Des Cool Mass Flow [kg/s],1 ZONE VAV 2:DesPer 2:Des Sens Cool Cap [W],1 ZONE VAV 2:DesPer 2:Des Tot Cool Cap [W],1 ZONE VAV 2:DesPer 3:Des Heat Mass Flow [kg/s],1 ZONE VAV 2:DesPer 3:Des Heat Cap [W],1 ZONE VAV 2:DesPer 3:Des Cool Mass Flow [kg/s],1 ZONE VAV 2:DesPer 3:Des Sens Cool Cap [W],1 ZONE VAV 2:DesPer 3:Des Tot Cool Cap [W],1 ZONE VAV 3:DesPer 1:Des Heat Mass Flow [kg/s],1 ZONE VAV 3:DesPer 1:Des Heat Cap [W],1 ZONE VAV 3:DesPer 1:Des Cool Mass Flow [kg/s],1 ZONE VAV 3:DesPer 1:Des Sens Cool Cap [W],1 ZONE VAV 3:DesPer 1:Des Tot Cool Cap [W],1 ZONE VAV 3:DesPer 2:Des Heat Mass Flow [kg/s],1 ZONE VAV 3:DesPer 2:Des Heat Cap [W],1 ZONE VAV 3:DesPer 2:Des Cool Mass Flow [kg/s],1 ZONE VAV 3:DesPer 2:Des Sens Cool Cap [W],1 ZONE VAV 3:DesPer 2:Des Tot Cool Cap [W],1 ZONE VAV 3:DesPer 3:Des Heat Mass Flow [kg/s],1 ZONE VAV 3:DesPer 3:Des Heat Cap [W],1 ZONE VAV 3:DesPer 3:Des Cool Mass Flow [kg/s],1 ZONE VAV 3:DesPer 3:Des Sens Cool Cap [W],1 ZONE VAV 3:DesPer 3:Des Tot Cool Cap [W]
01:00:00,7.341052E+01,0.000000E+00,7.341052E+01,6.888545E+05,1.603912E+06,7.341052E+01,0.000000E+00,7.341052E+01,5.044365E+05,1.671324E+06,7.341052E+01,2.144986E+06,7.341052E+01,0.000000E+00,0.000000E+00,4.571445E+01,0.000000E+00,1.452884E+02,1.750624E+06,3.041129E+06,4.571445E+01,0.000000E+00,1.447884E+02,1.629140E+06,3.077586E+06,4.571445E+01,1.335733E+06,4.571445E+01,0.000000E+00,0.000000E+00,8.850914E+00,0.000000E+00,8.850914E+00,8.305338E+04,1.933795E+05,8.850914E+00,0.000000E+00,8.850914E+00,6.081858E+04,2.015072E+05,8.850914E+00,2.586153E+05,8.850914E+00,0.000000E+00,0.000000E+00,8.850914E+00,0.000000E+00,8.850914E+00,8.305338E+04,1.933795E+05,8.850914E+00,0.000000E+00,8.850914E+00,6.081858E+04,2.015072E+05,8.850914E+00,2.586153E+05,8.850914E+00,0.000000E+00,0.000000E+00
02:00:00,7.341052E+01,0.000000E+00,7.341052E+01,6.614131E+05,1.575793E+06,7.341052E+01,0.000000E+00,7.341052E+01,4.769951E+05,1.578962E+06,7.341052E+01,2.144986E+06,7.341052E+01,0.000000E+00,0.000000E+00,4.571445E+01,0.000000E+00,6.421050E+01,7.232906E+05,1.530562E+06,4.571445E+01,0.000000E+00,6.390184E+01,6.032296E+05,1.524827E+06,4.571445E+01,1.335733E+06,4.571445E+01,0.000000E+00,0.000000E+00,8.850914E+00,0.000000E+00,8.850914E+00,7.974484E+04,1.899892E+05,8.850914E+00,0.000000E+00,8.850914E+00,5.751005E+04,1.903713E+05,8.850914E+00,2.586153E+05,8.850914E+00,0.000000E+00,0.000000E+00,8.850914E+00,0.000000E+00,8.850914E+00,7.974484E+04,1.899892E+05,8.850914E+00,0.000000E+00,8.850914E+00,5.751005E+04,1.903713E+05,8.850914E+00,2.586153E+05,8.850914E+00,0.000000E+00,0.000000E+00
03:00:00,7.341052E+01,0.000000E+00,7.341052E+01,6.408320E+05,1.554705E+06,7.341052E+01,0.000000E+00,7.341052E+01,4.564140E+05,1.510605E+06,7.341052E+01,2.144986E+06,7.341052E+01,0.000000E+00,0.000000E+00,4.571445E+01,0.000000E+00,7.019060E+01,8.220742E+05,1.759517E+06,4.571445E+01,0.000000E+00,6.983651E+01,7.011122E+05,1.722930E+06,4.571445E+01,1.335733E+06,4.571445E+01,0.000000E+00,0.000000E+00,8.850914E+00,0.000000E+00,9.374203E+00,8.458360E+04,1.978064E+05,8.850914E+00,0.000000E+00,8.850914E+00,5.502864E+04,1.821297E+05,8.850914E+00,2.586153E+05,8.850914E+00,0.000000E+00,0.000000E+00,8.850914E+00,0.000000E+00,9.191107E+00,8.202229E+04,1.943141E+05,8.850914E+00,0.000000E+00,8.850914E+00,5.502864E+04,1.821297E+05,8.850914E+00,2.586153E+05,8.850914E+00,0.000000E+00,0.000000E+00
04:00:00,7.341052E+01,0.000000E+00,7.341052E+01,6.202510E+05,1.533615E+06,7.341052E+01,0.000000E+00,7.341052E+01,4.358330E+05,1.443019E+06,7.341052E+01,2.144986E+06,7.341052E+01,0.000000E+00,0.000000E+00,4.571445E+01,0.000000E+00,6.954567E+01,7.972385E+05,1.777660E+06,4.571445E+01,0.000000E+00,6.919220E+01,6.762976E+05,1.711410E+06,4.571445E+01,1.335733E+06,4.571445E+01,0.000000E+00,0.000000E+00,8.850914E+00,0.000000E+00,9.887065E+00,8.927378E+04,2.053508E+05,8.850914E+00,0.000000E+00,8.850914E+00,5.254724E+04,1.739810E+05,8.850914E+00,2.586153E+05,8.850914E+00,0.000000E+00,0.000000E+00,8.850914E+00,0.000000E+00,9.685963E+00,8.646100E+04,2.017071E+05,8.850914E+00,0.000000E+00,8.850914E+00,5.254724E+04,1.739810E+05,9.195827E+00,2.576401E+05,8.850914E+00,0.000000E+00,0.000000E+00
05:00:00,7.341052E+01,0.000000E+00,7.341052E+01,6.065303E+05,1.519557E+06,7.341052E+01,0.000000E+00,7.341052E+01,4.221123E+05,1.398384E+06,7.341052E+01,2.144986E+06,7.341052E+01,0.000000E+00,0.000000E+00,4.571445E+01,0.000000E+00,7.267533E+01,8.423511E+05,1.886050E+06,4.571445E+01,0.000000E+00,7.231736E+01,7.213376E+05,1.800815E+06,4.571445E+01,1.335733E+06,4.571445E+01,0.000000E+00,0.000000E+00,8.850914E+00,0.000000E+00,1.040840E+01,9.491057E+04,2.138484E+05,8.850914E+00,0.000000E+00,8.850914E+00,5.089297E+04,1.685995E+05,8.888111E+00,2.585102E+05,8.850914E+00,0.000000E+00,0.000000E+00,8.850914E+00,0.000000E+00,1.019557E+01,9.193371E+04,2.101916E+05,8.850914E+00,0.000000E+00,8.850914E+00,5.089297E+04,1.685995E+05,1.020352E+01,2.547924E+05,8.850914E+00,0.000000E+00,0.000000E+00
06:00:00,7.341052E+01,0.000000E+00,7.341052E+01,6.202510E+05,1.533615E+06,7.341052E+01,0.000000E+00,7.341052E+01,4.358330E+05,1.443019E+06,7.341052E+01,2.144986E+06,7.341052E+01,0.000000E+00,0.000000E+00,4.571445E+01,0.000000E+00,1.067662E+02,1.333230E+06,2.678030E+06,4.571445E+01,0.000000E+00,1.063563E+02,1.212020E+06,2.614137E+06,4.571445E+01,1.335733E+06,4.571445E+01,0.000000E+00,0.000000E+00,8.850914E+00,0.000000E+00,2.213315E+01,2.486773E+05,4.191424E+05,8.850914E+00,0.000000E+00,1.938558E+01,1.904621E+05,3.736757E+05,2.334157E+01,1.938743E+05,8.850914E+00,0.000000E+00,0.000000E+00,8.850914E+00,0.000000E+00,2.200434E+01,2.469885E+05,4.211769E+05,8.850914E+00,0.000000E+00,1.907251E+01,1.863615E+05,3.722712E+05,2.482981E+01,1.872508E+05,8.850914E+00,0.000000E+00,0.000000E+00
07:00:00,7.341052E+01,0.000000E+00,1.205476E+02,1.225393E+06,2.831903E+06,7.341052E+01,0.000000E+00,1.200954E+02,1.035620E+06,2.840669E+06,7.341052E+01,2.144986E+06,7.341052E+01,0.000000E+00,0.000000E+00,4.571445E+01,0.000000E+00,1.571091E+02,1.958208E+06,3.514330E+06,4.571445E+01,0.000000E+00,1.565804E+02,1.835987E+06,3.519828E+06,4.571445E+01,1.335733E+06,4.571445E+01,0.000000E+00,0.000000E+00,8.850914E+00,0.000000E+00,3.797444E+01,4.428903E+05,6.709063E+05,8.850914E+00,0.000000E+00,3.510276E+01,3.848786E+05,6.534915E+05,3.725352E+01,7.508905E+04,8.850914E+00,0.000000E+00,0.000000E+00,8.850914E+00,0.000000E+00,3.793220E+01,4.423551E+05,6.774557E+05,8.850914E+00,0.000000E+00,3.486898E+01,3.819588E+05,6.583872E+05,3.900363E+01,6.383720E+04,8.850914E+00,0.000000E+00,0.000000E+00
08:00:00,7.341052E+01,0.000000E+00,1.313290E+02,1.440265E+06,2.895260E+06,7.341052E+01,0.000000E+00,1.309113E+02,1.251109E+06,3.192809E+06,7.341052E+01,2.144986E+06,7.341052E+01,0.000000E+00,0.000000E+00,4.571445E+01,0.000000E+00,1.618942E+02,2.038500E+06,3.448481E+06,4.571445E+01,0.000000E+00,1.613662E+02,1.916571E+06,3.632884E+06,4.571445E+01,1.335733E+06,4.571445E+01,0.000000E+00,0.000000E+00,8.850914E+00,0.000000E+00,5.486113E+01,6.324966E+05,9.000405E+05,8.850914E+00,0.000000E+00,5.175040E+01,5.736897E+05,9.320066E+05,4.891395E+01,0.000000E+00,8.850914E+00,0.000000E+00,0.000000E+00,8.850914E+00,0.000000E+00,5.510376E+01,6.353162E+05,9.122479E+05,8.850914E+00,0.000000E+00,5.179040E+01,5.741268E+05,9.446635E+05,5.084099E+01,0.000000E+00,8.850914E+00,0.000000E+00,0.000000E+00
09:00:00,7.341052E+01,0.000000E+00,1.298258E+02,1.550018E+06,2.829907E+06,7.341052E+01,0.000000E+00,1.294138E+02,1.360961E+06,3.403262E+06,7.341052E+01,2.144986E+06,7.341052E+01,0.000000E+00,0.000000E+00,4.571445E+01,0.000000E+00,1.601719E+02,2.087718E+06,3.398269E+06,4.571445E+01,0.000000E+00,1.596464E+02,1.965886E+06,3.754646E+06,4.571445E+01,1.335733E+06,4.571445E+01,0.000000E+00,0.000000E+00,8.850914E+00,0.000000E+00,5.325647E+01,6.111409E+05,8.420819E+05,8.850914E+00,0.000000E+00,5.016137E+01,5.539119E+05,9.106901E+05,4.181311E+01,0.000000E+00,8.850914E+00,0.000000E+00,0.000000E+00,8.850914E+00,0.000000E+00,5.371632E+01,6.163150E+05,8.542138E+05,8.850914E+00,0.000000E+00,5.041489E+01,5.567521E+05,9.240140E+05,4.375867E+01,0.000000E+00,8.850914E+00,0.000000E+00,0.000000E+00
10:00:00,7.341052E+01,0.000000E+00,1.282663E+02,1.648775E+06,2.956234E+06,7.341052E+01,0.000000E+00,1.278535E+02,1.459711E+06,3.529722E+06,7.341052E+01,2.144986E+06,7.341052E+01,0.000000E+00,0.000000E+00,4.571445E+01,0.000000E+00,1.588756E+02,2.142109E+06,3.467768E+06,4.571445E+01,0.000000E+00,1.583500E+02,2.020280E+06,3.825581E+06,4.571445E+01,1.335733E+06,4.571445E+01,0.000000E+00,0.000000E+00,8.850914E+00,0.000000E+00,5.442601E+01,6.381566E+05,8.659569E+05,8.850914E+00,0.000000E+00,5.141065E+01,5.818468E+05,9.507829E+05,4.041447E+01,0.000000E+00,8.850914E+00,0.000000E+00,0.000000E+00,8.850914E+00,0.000000E+00,5.502240E+01,6.448659E+05,8.798958E+05,8.850914E+00,0.000000E+00,5.180339E+01,5.862530E+05,9.676836E+05,4.234462E+01,0.000000E+00,8.850914E+00,0.000000E+00,0.000000E+00
11:00:00,7.341052E+01,0.000000E+00,1.271277E+02,1.738646E+06,3.037001E+06,7.341052E+01,0.000000E+00,1.267161E+02,1.549596E+06,3.611049E+06,7.341052E+01,2.144986E+06,7.341052E+01,0.000000E+00,0.000000E+00,4.571445E+01,0.000000E+00,1.576335E+02,2.189242E+06,3.511443E+06,4.571445E+01,0.000000E+00,1.571102E+02,2.067441E+06,3.869627E+06,4.571445E+01,1.335733E+06,4.571445E+01,0.000000E+00,0.000000E+00,8.850914E+00,0.000000E+00,5.480141E+01,6.547454E+05,8.809908E+05,8.850914E+00,0.000000E+00,5.181203E+01,5.987059E+05,9.730263E+05,3.892273E+01,1.040982E+04,8.850914E+00,0.000000E+00,0.000000E+00,8.850914E+00,0.000000E+00,5.545764E+01,6.621275E+05,8.954280E+05,8.850914E+00,0.000000E+00,5.226612E+01,6.037988E+05,9.910812E+05,4.084878E+01,0.000000E+00,8.850914E+00,0.000000E+00,0.000000E+00
12:00:00,7.341052E+01,0.000000E+00,1.257836E+02,1.792064E+06,3.082168E+06,7.341052E+01,0.000000E+00,1.253762E+02,1.603063E+06,3.656631E+06,7.341052E+01,2.144986E+06,7.341052E+01,0.000000E+00,0.000000E+00,4.571445E+01,0.000000E+00,1.561847E+02,2.212575E+06,3.529345E+06,4.571445E+01,0.000000E+00,1.556654E+02,2.090824E+06,3.887517E+06,4.571445E+01,1.335733E+06,4.571445E+01,0.000000E+00,0.000000E+00,8.850914E+00,0.000000E+00,5.490965E+01,6.642291E+05,8.920336E+05,8.850914E+00,0.000000E+00,5.195533E+01,6.085682E+05,9.838494E+05,3.792255E+01,1.866603E+04,8.850914E+00,0.000000E+00,0.000000E+00,8.850914E+00,0.000000E+00,5.554148E+01,6.713362E+05,9.060262E+05,8.850914E+00,0.000000E+00,5.238659E+01,6.134019E+05,1.001219E+06,3.984168E+01,2.851139E+03,8.850914E+00,0.000000E+00,0.000000E+00
13:00:00,7.341052E+01,0.000000E+00,1.249267E+02,1.837292E+06,3.124743E+06,7.341052E+01,0.000000E+00,1.245211E+02,1.648311E+06,3.699452E+06,7.341052E+01,2.144986E+06,7.341052E+01,0.000000E+00,0.000000E+00,4.571445E+01,0.000000E+00,1.551964E+02,2.233587E+06,3.549891E+06,4.571445E+01,0.000000E+00,1.546790E+02,2.111862E+06,3.908111E+06,4.571445E+01,1.335733E+06,4.571445E+01,0.000000E+00,0.000000E+00,8.850914E+00,0.000000E+00,5.517926E+01,6.738805E+05,9.023973E+05,8.850914E+00,0.000000E+00,5.225100E+01,6.185100E+05,9.933479E+05,3.703752E+01,2.597276E+04,8.850914E+00,0.000000E+00,0.000000E+00,8.850914E+00,0.000000E+00,5.577731E+01,6.806069E+05,9.158951E+05,8.850914E+00,0.000000E+00,5.264943E+01,6.229738E+05,1.010061E+06,3.895100E+01,1.020520E+04,8.850914E+00,0.000000E+00,0.000000E+00
14:00:00,7.341052E+01,0.000000E+00,1.247373E+02,1.869450E+06,3.158910E+06,7.341052E+01,0.000000E+00,1.243301E+02,1.680452E+06,3.733721E+06,7.341052E+01,2.144986E+06,7.341052E+01,0.000000E+00,0.000000E+00,4.571445E+01,0.000000E+00,1.548172E+02,2.249883E+06,3.569006E+06,4.571445E+01,0.000000E+00,1.542992E+02,2.128150E+06,3.927273E+06,4.571445E+01,1.335733E+06,4.571445E+01,0.000000E+00,0.000000E+00,8.850914E+00,0.000000E+00,5.558300E+01,6.825645E+05,9.112114E+05,8.850914E+00,0.000000E+00,5.267016E+01,6.273682E+05,1.002369E+06,3.623338E+01,3.261130E+04,8.850914E+00,0.000000E+00,0.000000E+00,8.850914E+00,0.000000E+00,5.617033E+01,6.891700E+05,9.246092E+05,8.850914E+00,0.000000E+00,5.305820E+01,6.317150E+05,1.019034E+06,3.814178E+01,1.688536E+04,8.850914E+00,0.000000E+00,0.000000E+00
15:00:00,7.341052E+01,0.000000E+00,1.246099E+02,1.868002E+06,3.157505E+06,7.341052E+01,0.000000E+00,1.242028E+02,1.679005E+06,3.732317E+06,7.341052E+01,2.144986E+06,7.341052E+01,0.000000E+00,0.000000E+00,4.571445E+01,0.000000E+00,1.544961E+02,2.245597E+06,3.564727E+06,4.571445E+01,0.000000E+00,1.539785E+02,2.123869E+06,3.922998E+06,4.571445E+01,1.335733E+06,4.571445E+01,0.000000E+00,0.000000E+00,8.850914E+00,0.000000E+00,5.544939E+01,6.810582E+05,9.084095E+05,8.850914E+00,0.000000E+00,5.254674E+01,6.259776E+05,9.992815E+05,3.550552E+01,3.861966E+04,8.850914E+00,0.000000E+00,0.000000E+00,8.850914E+00,0.000000E+00,5.604450E+01,6.877514E+05,9.219035E+05,8.850914E+00,0.000000E+00,5.294218E+01,6.304078E+05,1.016049E+06,3.740939E+01,2.293064E+04,8.850914E+00,0.000000E+00,0.000000E+00
16:00:00,7.341052E+01,0.000000E+00,1.243466E+02,1.823871E+06,3.110811E+06,7.341052E+01,0.000000E+00,1.239411E+02,1.634892E+06,3.685464E+06,7.341052E+01,2.144986E+06,7.341052E+01,0.000000E+00,0.000000E+00,4.571445E+01,0.000000E+00,1.540663E+02,2.214253E+06,3.531203E+06,4.571445E+01,0.000000E+00,1.535496E+02,2.092537E+06,3.889415E+06,4.571445E+01,1.335733E+06,4.571445E+01,0.000000E+00,0.000000E+00,8.850914E+00,0.000000E+00,5.448420E+01,6.652188E+05,8.899472E+05,8.850914E+00,0.000000E+00,5.158629E+01,6.101951E+05,9.795131E+05,3.484953E+01,4.403493E+04,8.850914E+00,0.000000E+00,0.000000E+00,8.850914E+00,0.000000E+00,5.507470E+01,6.718602E+05,9.032678E+05,8.850914E+00,0.000000E+00,5.197613E+01,6.145626E+05,9.959568E+05,3.674936E+01,2.837890E+04,8.850914E+00,0.000000E+00,0.000000E+00
17:00:00,7.341052E+01,0.000000E+00,1.239894E+02,1.764972E+06,3.048722E+06,7.341052E+01,0.000000E+00,1.235852E+02,1.576007E+06,3.623138E+06,7.341052E+01,2.144986E+06,7.341052E+01,0.000000E+00,0.000000E+00,4.571445E+01,0.000000E+00,1.535684E+02,2.173475E+06,3.488134E+06,4.571445E+01,0.000000E+00,1.530524E+02,2.051769E+06,3.846263E+06,4.571445E+01,1.335733E+06,4.571445E+01,0.000000E+00,0.000000E+00,8.850914E+00,0.000000E+00,5.301113E+01,6.420022E+05,8.641661E+05,8.850914E+00,0.000000E+00,5.011410E+01,5.869946E+05,9.523068E+05,3.425780E+01,4.892002E+04,8.850914E+00,0.000000E+00,0.000000E+00,8.850914E+00,0.000000E+00,5.362025E+01,6.488543E+05,8.776362E+05,8.850914E+00,0.000000E+00,5.052131E+01,5.915591E+05,9.687685E+05,3.615401E+01,3.329354E+04,8.850914E+00,0.000000E+00,0.000000E+00
18:00:00,7.341052E+01,0.000000E+00,1.233493E+02,1.689172E+06,2.967806E+06,7.341052E+01,0.000000E+00,1.229484E+02,1.500245E+06,3.541949E+06,7.341052E+01,2.144986E+06,7.341052E+01,0.000000E+00,0.000000E+00,4.571445E+01,0.000000E+00,1.528302E+02,2.120974E+06,3.431962E+06,4.571445E+01,0.000000E+00,1.523158E+02,1.999290E+06,3.790004E+06,4.571445E+01,1.335733E+06,4.571445E+01,0.000000E+00,0.000000E+00,8.850914E+00,0.000000E+00,5.095312E+01,6.105376E+05,8.296606E+05,8.850914E+00,0.000000E+00,4.805625E+01,5.555393E+05,9.161546E+05,3.372496E+01,5.331908E+04,8.850914E+00,0.000000E+00,0.000000E+00,8.850914E+00,0.000000E+00,5.159325E+01,6.177398E+05,8.434127E+05,8.850914E+00,0.000000E+00,4.849298E+01,5.604379E+05,9.327501E+05,3.561793E+01,3.771908E+04,8.850914E+00,0.000000E+00,0.000000E+00
19:00:00,7.341052E+01,0.000000E+00,1.221555E+02,1.572851E+06,2.842283E+06,7.341052E+01,0.000000E+00,1.217624E+02,1.384011E+06,3.416054E+06,7.341052E+01,2.144986E+06,7.341052E+01,0.000000E+00,0.000000E+00,4.571445E+01,0.000000E+00,1.515688E+02,2.040187E+06,3.344354E+06,4.571445E+01,0.000000E+00,1.510588E+02,1.918561E+06,3.702285E+06,4.571445E+01,1.335733E+06,4.571445E+01,0.000000E+00,0.000000E+00,8.850914E+00,0.000000E+00,4.796962E+01,5.645050E+05,7.788714E+05,8.850914E+00,0.000000E+00,4.507334E+01,5.095234E+05,8.628119E+05,3.325182E+01,5.722519E+04,8.850914E+00,0.000000E+00,0.000000E+00,8.850914E+00,0.000000E+00,4.857340E+01,5.712986E+05,7.918663E+05,8.850914E+00,0.000000E+00,4.547170E+01,5.139915E+05,8.782831E+05,3.514193E+01,4.164860E+04,8.850914E+00,0.000000E+00,0.000000E+00
20:00:00,7.341052E+01,0.000000E+00,1.203152E+02,1.476706E+06,2.734213E+06,7.341052E+01,0.000000E+00,1.199385E+02,1.288050E+06,3.307854E+06,7.341052E+01,2.144986E+06,7.341052E+01,0.000000E+00,0.000000E+00,4.571445E+01,0.000000E+00,1.496161E+02,1.967339E+06,3.262405E+06,4.571445E+01,0.000000E+00,1.491157E+02,1.845840E+06,3.620330E+06,4.571445E+01,1.335733E+06,4.571445E+01,0.000000E+00,0.000000E+00,8.850914E+00,0.000000E+00,4.465042E+01,5.179980E+05,7.277432E+05,8.850914E+00,0.000000E+00,4.177074E+01,4.632145E+05,8.093715E+05,3.282178E+01,6.077558E+04,8.850914E+00,0.000000E+00,0.000000E+00,8.850914E+00,0.000000E+00,4.503428E+01,5.223143E+05,7.374476E+05,8.850914E+00,0.000000E+00,4.194964E+01,4.652126E+05,8.209353E+05,3.470930E+01,4.522019E+04,8.850914E+00,0.000000E+00,0.000000E+00
21:00:00,7.341052E+01,0.000000E+00,1.193063E+02,1.403624E+06,2.657075E+06,7.341052E+01,0.000000E+00,1.189402E+02,1.215088E+06,3.229505E+06,7.341052E+01,2.144986E+06,7.341052E+01,0.000000E+00,0.000000E+00,4.571445E+01,0.000000E+00,1.485080E+02,1.914223E+06,3.209300E+06,4.571445E+01,0.000000E+00,1.480124E+02,1.792788E+06,3.566549E+06,4.571445E+01,1.335733E+06,4.571445E+01,0.000000E+00,0.000000E+00,8.850914E+00,0.000000E+00,4.256806E+01,4.870848E+05,6.962781E+05,8.850914E+00,0.000000E+00,3.969843E+01,4.324215E+05,7.775925E+05,3.243182E+01,6.399502E+04,8.850914E+00,0.000000E+00,0.000000E+00,8.850914E+00,0.000000E+00,4.285295E+01,4.902872E+05,7.047652E+05,8.850914E+00,0.000000E+00,3.977772E+01,4.332998E+05,7.878052E+05,3.431699E+01,4.845879E+04,8.850914E+00,0.000000E+00,0.000000E+00
22:00:00,7.341052E+01,0.000000E+00,1.187448E+02,1.335555E+06,2.586823E+06,7.341052E+01,0.000000E+00,1.183822E+02,1.147057E+06,2.992382E+06,7.341052E+01,2.144986E+06,7.341052E+01,0.000000E+00,0.000000E+00,4.571445E+01,0.000000E+00,1.478173E+02,1.866606E+06,3.162102E+06,4.571445E+01,0.000000E+00,1.473224E+02,1.745180E+06,3.415353E+06,4.571445E+01,1.335733E+06,4.571445E+01,0.000000E+00,0.000000E+00,8.850914E+00,0.000000E+00,4.107505E+01,4.628089E+05,6.720639E+05,8.850914E+00,0.000000E+00,3.820645E+01,4.081596E+05,7.332896E+05,3.207975E+01,6.690159E+04,8.850914E+00,0.000000E+00,0.000000E+00,8.850914E+00,0.000000E+00,4.129258E+01,4.652524E+05,6.797855E+05,8.850914E+00,0.000000E+00,3.821774E+01,4.082724E+05,7.426820E+05,3.396281E+01,5.138264E+04,8.850914E+00,0.000000E+00,0.000000E+00
23:00:00,7.341052E+01,0.000000E+00,1.177327E+02,1.276969E+06,2.523388E+06,7.341052E+01,0.000000E+00,1.174122E+02,1.088862E+06,2.805077E+06,7.341052E+01,2.144986E+06,7.341052E+01,0.000000E+00,0.000000E+00,4.571445E+01,0.000000E+00,1.466167E+02,1.822671E+06,3.116822E+06,4.571445E+01,0.000000E+00,1.461674E+02,1.701660E+06,3.291658E+06,4.571445E+01,1.335733E+06,4.571445E+01,0.000000E+00,0.000000E+00,8.850914E+00,0.000000E+00,8.850914E+00,9.380612E+04,2.043975E+05,8.850914E+00,0.000000E+00,8.850914E+00,7.157133E+04,2.388983E+05,8.850914E+00,2.586153E+05,8.850914E+00,0.000000E+00,0.000000E+00,8.850914E+00,0.000000E+00,8.850914E+00,9.380612E+04,2.043975E+05,8.850914E+00,0.000000E+00,8.850914E+00,7.157133E+04,2.388983E+05,8.850914E+00,2.586153E+05,8.850914E+00,0.000000E+00,0.000000E+00
24:00:00,7.341052E+01,0.000000E+00,1.175107E+02,1.226349E+06,2.470781E+06,7.341052E+01,0.000000E+00,1.171687E+02,1.038033E+06,2.632371E+06,7.341052E+01,2.144986E+06,7.341052E+01,0.000000E+00,0.000000E+00,4.571445E+01,0.000000E+00,1.463567E+02,1.789086E+06,3.082187E+06,4.571445E+01,0.000000E+00,1.458722E+02,1.667684E+06,3.181470E+06,4.571445E+01,1.335733E+06,4.571445E+01,0.000000E+00,0.000000E+00,8.850914E+00,0.000000E+00,8.850914E+00,8.801618E+04,1.984647E+05,8.850914E+00,0.000000E+00,8.850914E+00,6.578139E+04,2.185329E+05,8.850914E+00,2.586153E+05,8.850914E+00,0.000000E+00,0.000000E+00,8.850914E+00,0.000000E+00,8.850914E+00,8.801618E+04,1.984647E+05,8.850914E+00,0.000000E+00,8.850914E+00,6.578139E+04,2.185329E+05,8.850914E+00,2.586153E+05,8.850914E+00,0.000000E+00,0.000000E+00
Coinc Peak   ,7.341052E+01,1.313290E+02,2.144986E+06,1.869450E+06,4.571445E+01,1.618942E+02,1.335733E+06,2.249883E+06,4.891395E+01,5.558300E+01,2.586153E+05,6.825645E+05,5.084099E+01,5.617033E+01,2.586153E+05,6.891700E+05
NonCoinc Peak,7.341052E+01,1.313290E+02,2.144986E+06,1.869450E+06,4.571445E+01,1.571091E+02,1.335733E+06,2.249883E+06,4.891395E+01,5.486113E+01,2.586153E+05,6.825645E+05,5.084099E+01,5.510376E+01,2.586153E+05,6.891700E+05
