{
  "id": "2",
  "name": "Restaurant 1",
  "directory_name": "/Users/tkwasnik/github/urbanopt-example-geojson-reopt-project/run/baseline_scenario/2",
  "feature_type": "Building",
  "timesteps_per_hour": 1,
  "simulation_status": "Complete",
  "timeseries_csv": {
    "path": "/Users/tkwasnik/github/urbanopt-example-geojson-reopt-project/run/baseline_scenario/2/010_default_feature_reports/default_feature_reports.csv",
    "first_report_datetime": "0",
    "column_names": [
      "Electricity:Facility",
      "ElectricityProduced:Facility",
      "Gas:Facility",
      "DistrictCooling:Facility",
      "DistrictHeating:Facility",
      "District Cooling Chilled Water Rate",
      "District Cooling Mass Flow Rate",
      "District Cooling Inlet Temperature",
      "District Cooling Outlet Temperature",
      "District Heating Hot Water Rate",
      "District Heating Mass Flow Rate",
      "District Heating Inlet Temperature",
      "District Heating Outlet Temperature"
    ]
  },
  "location": {
    "latitude": 42.93,
    "longitude": -78.73,
    "surface_elevation": 215.0
  },
  "program": {
    "floor_area": 22301.315435964207,
    "conditioned_area": 22301.315435964207,
    "unconditioned_area": 0.0,
    "footprint_area": 22301.315435964207,
    "maximum_roof_height": 3.0,
    "maximum_number_of_stories": 1,
    "number_of_residential_units": 1,
    "building_types": [
      {
        "building_type": "FullServiceRestaurant",
        "floor_area": 22301.301101745776,
        "maximum_occupancy": 1165.644405986049
      }
    ],
    "window_area": {
      "north_window_area": 314.413823272091,
      "south_window_area": 314.413823272091,
      "east_window_area": 618.4942925441406,
      "west_window_area": 618.4942925441406,
      "total_window_area": 1865.8162316324633
    },
    "wall_area": {
      "north_wall_area": 1047.9743181708586,
      "south_wall_area": 1047.9743181708586,
      "east_wall_area": 2061.504123008246,
      "west_wall_area": 2061.611762112413,
      "total_wall_area": 6219.0645214623755
    },
    "roof_area": {
      "total_roof_area": 22301.301101745776
    },
    "orientation": 0.0,
    "aspect_ratio": 0.5083542188805347
  },
  "construction_costs": [

  ],
  "reporting_periods": [
    {
      "start_date": {
        "month": 1,
        "day_of_month": 1,
        "year": "2018"
      },
      "end_date": {
        "month": 12,
        "day_of_month": 31,
        "year": "2018"
      },
      "total_site_energy": 9125384.192781353,
      "total_source_energy": 18246076.690817155,
      "net_site_energy": 9125384.192781353,
      "net_source_energy": 18246076.690817155,
      "electricity": 4010640.7537497864,
      "natural_gas": 5114743.4390315665,
      "additional_fuel": 0.0,
      "district_cooling": 0.0,
      "district_heating": 0.0,
      "water": 5605.52,
      "electricity_produced": 4010638.8581155464,
      "end_uses": {
        "electricity": {
          "heating": 0.0,
          "cooling": 378444.4197987013,
          "interior_lighting": 717886.1650965096,
          "exterior_lighting": 226168.12124916376,
          "interior_equipment": 1604474.2994375867,
          "exterior_equipment": 0.0,
          "fans": 589864.5066557899,
          "pumps": 0.0,
          "heat_rejection": 0.0,
          "humidification": 0.0,
          "heat_recovery": 201657.57051786137,
          "water_systems": 292145.6709941738,
          "refrigeration": 0.0,
          "generators": 0.0
        },
        "natural_gas": {
          "heating": 819643.8111333475,
          "cooling": 0.0,
          "interior_lighting": 0.0,
          "exterior_lighting": 0.0,
          "interior_equipment": 1805221.965519947,
          "exterior_equipment": 0.0,
          "fans": 0.0,
          "pumps": 0.0,
          "heat_rejection": 0.0,
          "humidification": 0.0,
          "heat_recovery": 0.0,
          "water_systems": 2489877.662378272,
          "refrigeration": 0.0,
          "generators": 0.0
        },
        "additional_fuel": {
          "heating": 0.0,
          "cooling": 0.0,
          "interior_lighting": 0.0,
          "exterior_lighting": 0.0,
          "interior_equipment": 0.0,
          "exterior_equipment": 0.0,
          "fans": 0.0,
          "pumps": 0.0,
          "heat_rejection": 0.0,
          "humidification": 0.0,
          "heat_recovery": 0.0,
          "water_systems": 0.0,
          "refrigeration": 0.0,
          "generators": 0.0
        },
        "district_cooling": {
          "heating": 0.0,
          "cooling": 0.0,
          "interior_lighting": 0.0,
          "exterior_lighting": 0.0,
          "interior_equipment": 0.0,
          "exterior_equipment": 0.0,
          "fans": 0.0,
          "pumps": 0.0,
          "heat_rejection": 0.0,
          "humidification": 0.0,
          "heat_recovery": 0.0,
          "water_systems": 0.0,
          "refrigeration": 0.0,
          "generators": 0.0
        },
        "district_heating": {
          "heating": 0.0,
          "cooling": 0.0,
          "interior_lighting": 0.0,
          "exterior_lighting": 0.0,
          "interior_equipment": 0.0,
          "exterior_equipment": 0.0,
          "fans": 0.0,
          "pumps": 0.0,
          "heat_rejection": 0.0,
          "humidification": 0.0,
          "heat_recovery": 0.0,
          "water_systems": 0.0,
          "refrigeration": 0.0,
          "generators": 0.0
        },
        "water": {
          "heating": 0.0,
          "cooling": 0.0,
          "interior_lighting": 0.0,
          "exterior_lighting": 0.0,
          "interior_equipment": 0.0,
          "exterior_equipment": 0.0,
          "fans": 0.0,
          "pumps": 0.0,
          "heat_rejection": 0.0,
          "humidification": 0.0,
          "heat_recovery": 0.0,
          "water_systems": 5313007.8242587065,
          "refrigeration": 0.0,
          "generators": 0.0
        }
      },
      "energy_production": {
        "electricity_produced": {
          "photovoltaic": 0.0
        }
      },
      "utility_costs": [
        {
        }
      ],
      "comfort_result": {
        "time_setpoint_not_met_during_occupied_cooling": 140.0,
        "time_setpoint_not_met_during_occupied_heating": 43.0,
        "time_setpoint_not_met_during_occupied_hours": 183.0
      }
    }
  ],
  "distributed_generation": {
    "solar_pv": {
    },
    "wind": {
    },
    "generator": {
    },
    "storage": {
    }
  }
}
