Time,1 ZONE VAV:DesPer 1:Des Heat Mass Flow [kg/s],1 ZONE VAV:DesPer 1:Des Heat Cap [W],1 ZONE VAV:DesPer 1:Des Cool Mass Flow [kg/s],1 ZONE VAV:DesPer 1:Des Sens Cool Cap [W],1 ZONE VAV:DesPer 1:Des Tot Cool Cap [W],1 ZONE VAV:DesPer 2:Des Heat Mass Flow [kg/s],1 ZONE VAV:DesPer 2:Des Heat Cap [W],1 ZONE VAV:DesPer 2:Des Cool Mass Flow [kg/s],1 ZONE VAV:DesPer 2:Des Sens Cool Cap [W],1 ZONE VAV:DesPer 2:Des Tot Cool Cap [W],1 ZONE VAV:DesPer 3:Des Heat Mass Flow [kg/s],1 ZONE VAV:DesPer 3:Des Heat Cap [W],1 ZONE VAV:DesPer 3:Des Cool Mass Flow [kg/s],1 ZONE VAV:DesPer 3:Des Sens Cool Cap [W],1 ZONE VAV:DesPer 3:Des Tot Cool Cap [W],1 ZONE VAV 1:DesPer 1:Des Heat Mass Flow [kg/s],1 ZONE VAV 1:DesPer 1:Des Heat Cap [W],1 ZONE VAV 1:DesPer 1:Des Cool Mass Flow [kg/s],1 ZONE VAV 1:DesPer 1:Des Sens Cool Cap [W],1 ZONE VAV 1:DesPer 1:Des Tot Cool Cap [W],1 ZONE VAV 1:DesPer 2:Des Heat Mass Flow [kg/s],1 ZONE VAV 1:DesPer 2:Des Heat Cap [W],1 ZONE VAV 1:DesPer 2:Des Cool Mass Flow [kg/s],1 ZONE VAV 1:DesPer 2:Des Sens Cool Cap [W],1 ZONE VAV 1:DesPer 2:Des Tot Cool Cap [W],1 ZONE VAV 1:DesPer 3:Des Heat Mass Flow [kg/s],1 ZONE VAV 1:DesPer 3:Des Heat Cap [W],1 ZONE VAV 1:DesPer 3:Des Cool Mass Flow [kg/s],1 ZONE VAV 1:DesPer 3:Des Sens Cool Cap [W],1 ZONE VAV 1:DesPer 3:Des Tot Cool Cap [W],1 ZONE VAV 2:DesPer 1:Des Heat Mass Flow [kg/s],1 ZONE VAV 2:DesPer 1:Des Heat Cap [W],1 ZONE VAV 2:DesPer 1:Des Cool Mass Flow [kg/s],1 ZONE VAV 2:DesPer 1:Des Sens Cool Cap [W],1 ZONE VAV 2:DesPer 1:Des Tot Cool Cap [W],1 ZONE VAV 2:DesPer 2:Des Heat Mass Flow [kg/s],1 ZONE VAV 2:DesPer 2:Des Heat Cap [W],1 ZONE VAV 2:DesPer 2:Des Cool Mass Flow [kg/s],1 ZONE VAV 2:DesPer 2:Des Sens Cool Cap [W],1 ZONE VAV 2:DesPer 2:Des Tot Cool Cap [W],1 ZONE VAV 2:DesPer 3:Des Heat Mass Flow [kg/s],1 ZONE VAV 2:DesPer 3:Des Heat Cap [W],1 ZONE VAV 2:DesPer 3:Des Cool Mass Flow [kg/s],1 ZONE VAV 2:DesPer 3:Des Sens Cool Cap [W],1 ZONE VAV 2:DesPer 3:Des Tot Cool Cap [W],1 ZONE VAV 3:DesPer 1:Des Heat Mass Flow [kg/s],1 ZONE VAV 3:DesPer 1:Des Heat Cap [W],1 ZONE VAV 3:DesPer 1:Des Cool Mass Flow [kg/s],1 ZONE VAV 3:DesPer 1:Des Sens Cool Cap [W],1 ZONE VAV 3:DesPer 1:Des Tot Cool Cap [W],1 ZONE VAV 3:DesPer 2:Des Heat Mass Flow [kg/s],1 ZONE VAV 3:DesPer 2:Des Heat Cap [W],1 ZONE VAV 3:DesPer 2:Des Cool Mass Flow [kg/s],1 ZONE VAV 3:DesPer 2:Des Sens Cool Cap [W],1 ZONE VAV 3:DesPer 2:Des Tot Cool Cap [W],1 ZONE VAV 3:DesPer 3:Des Heat Mass Flow [kg/s],1 ZONE VAV 3:DesPer 3:Des Heat Cap [W],1 ZONE VAV 3:DesPer 3:Des Cool Mass Flow [kg/s],1 ZONE VAV 3:DesPer 3:Des Sens Cool Cap [W],1 ZONE VAV 3:DesPer 3:Des Tot Cool Cap [W]
01:00:00,1.457798E+02,0.000000E+00,1.457798E+02,1.367938E+06,3.185074E+06,1.457798E+02,0.000000E+00,1.457798E+02,1.001718E+06,3.318942E+06,1.457798E+02,4.259547E+06,1.457798E+02,0.000000E+00,0.000000E+00,1.041284E+01,0.000000E+00,1.956130E+01,2.256906E+05,3.671705E+05,1.041284E+01,0.000000E+00,1.896954E+01,1.912524E+05,3.706875E+05,1.041284E+01,3.042534E+05,1.041284E+01,0.000000E+00,0.000000E+00,1.041284E+01,0.000000E+00,1.947774E+01,2.245210E+05,3.671257E+05,1.041284E+01,0.000000E+00,1.883735E+01,1.894024E+05,3.703242E+05,1.041284E+01,3.042534E+05,1.041284E+01,0.000000E+00,0.000000E+00,9.294418E+01,0.000000E+00,1.818800E+02,2.052054E+06,3.773084E+06,9.294418E+01,0.000000E+00,1.772088E+02,1.756503E+06,3.805628E+06,9.294418E+01,2.715741E+06,9.294418E+01,0.000000E+00,0.000000E+00
02:00:00,1.457798E+02,0.000000E+00,1.457798E+02,1.313444E+06,3.129234E+06,1.457798E+02,0.000000E+00,1.457798E+02,9.472243E+05,3.135527E+06,1.457798E+02,4.259547E+06,1.457798E+02,0.000000E+00,0.000000E+00,1.041284E+01,0.000000E+00,2.032277E+01,2.324509E+05,3.733979E+05,1.041284E+01,0.000000E+00,1.972403E+01,1.979150E+05,3.675252E+05,1.041284E+01,3.042534E+05,1.041284E+01,0.000000E+00,0.000000E+00,1.041284E+01,0.000000E+00,2.111274E+01,2.435012E+05,3.865460E+05,1.041284E+01,0.000000E+00,2.046092E+01,2.082224E+05,3.805082E+05,1.041284E+01,3.042534E+05,1.041284E+01,0.000000E+00,0.000000E+00,9.294418E+01,0.000000E+00,1.062606E+02,1.059688E+06,2.339737E+06,9.294418E+01,0.000000E+00,1.026561E+02,7.660844E+05,2.256342E+06,9.294418E+01,2.715741E+06,9.294418E+01,0.000000E+00,0.000000E+00
03:00:00,1.457798E+02,0.000000E+00,1.457798E+02,1.272574E+06,3.087357E+06,1.457798E+02,0.000000E+00,1.457798E+02,9.063541E+05,2.999783E+06,1.457798E+02,4.259547E+06,1.457798E+02,0.000000E+00,0.000000E+00,1.041284E+01,0.000000E+00,2.116720E+01,2.413452E+05,3.817523E+05,1.041284E+01,0.000000E+00,2.056482E+01,2.067585E+05,3.688883E+05,1.041284E+01,3.042534E+05,1.041284E+01,0.000000E+00,0.000000E+00,1.041284E+01,0.000000E+00,2.217128E+01,2.553909E+05,3.978800E+05,1.041284E+01,0.000000E+00,2.151753E+01,2.200851E+05,3.847890E+05,1.041284E+01,3.042534E+05,1.041284E+01,0.000000E+00,0.000000E+00,9.294418E+01,0.000000E+00,1.161080E+02,1.211468E+06,2.598891E+06,9.294418E+01,0.000000E+00,1.125654E+02,9.167661E+05,2.458881E+06,9.294418E+01,2.715741E+06,9.294418E+01,0.000000E+00,0.000000E+00
04:00:00,1.457798E+02,0.000000E+00,1.457798E+02,1.231704E+06,3.045477E+06,1.457798E+02,0.000000E+00,1.457798E+02,8.654839E+05,2.865570E+06,1.457798E+02,4.259547E+06,1.457798E+02,0.000000E+00,0.000000E+00,1.041284E+01,0.000000E+00,2.178851E+01,2.471073E+05,3.876893E+05,1.041284E+01,0.000000E+00,2.118079E+01,2.124438E+05,3.679824E+05,1.041284E+01,3.042534E+05,1.041284E+01,0.000000E+00,0.000000E+00,1.041284E+01,0.000000E+00,2.291990E+01,2.629311E+05,4.056344E+05,1.041284E+01,0.000000E+00,2.226138E+01,2.275560E+05,3.856536E+05,1.041284E+01,3.042534E+05,1.041284E+01,0.000000E+00,0.000000E+00,9.294418E+01,0.000000E+00,1.146628E+02,1.159707E+06,2.553462E+06,9.294418E+01,0.000000E+00,1.110601E+02,8.640618E+05,2.347764E+06,9.294418E+01,2.715741E+06,9.294418E+01,0.000000E+00,0.000000E+00
05:00:00,1.457798E+02,0.000000E+00,1.457798E+02,1.204457E+06,3.017560E+06,1.457798E+02,0.000000E+00,1.457798E+02,8.382372E+05,2.776934E+06,1.457798E+02,4.259547E+06,1.457798E+02,0.000000E+00,0.000000E+00,1.041284E+01,0.000000E+00,2.230456E+01,2.523785E+05,3.923082E+05,1.041284E+01,0.000000E+00,2.169361E+01,2.176696E+05,3.676674E+05,1.041284E+01,3.042534E+05,1.041284E+01,0.000000E+00,0.000000E+00,1.041284E+01,0.000000E+00,2.342561E+01,2.680571E+05,4.098609E+05,1.041284E+01,0.000000E+00,2.276542E+01,2.326585E+05,3.847684E+05,1.041284E+01,3.042534E+05,1.041284E+01,0.000000E+00,0.000000E+00,9.294418E+01,0.000000E+00,1.185729E+02,1.209310E+06,2.644799E+06,9.294418E+01,0.000000E+00,1.149685E+02,9.136866E+05,2.400627E+06,9.294418E+01,2.715741E+06,9.294418E+01,0.000000E+00,0.000000E+00
06:00:00,1.457798E+02,0.000000E+00,1.457798E+02,1.231704E+06,3.045477E+06,1.457798E+02,0.000000E+00,1.457798E+02,8.654839E+05,2.865570E+06,1.457798E+02,4.259547E+06,1.457798E+02,0.000000E+00,0.000000E+00,1.041284E+01,0.000000E+00,1.041284E+01,8.797886E+04,2.175341E+05,1.041284E+01,0.000000E+00,1.041284E+01,6.182028E+04,2.046835E+05,1.041284E+01,3.042534E+05,1.041284E+01,0.000000E+00,0.000000E+00,1.041284E+01,0.000000E+00,1.041284E+01,8.797886E+04,2.175341E+05,1.041284E+01,0.000000E+00,1.041284E+01,6.182028E+04,2.046835E+05,1.041284E+01,3.042534E+05,1.041284E+01,0.000000E+00,0.000000E+00,9.294418E+01,0.000000E+00,1.296979E+02,1.400833E+06,2.921860E+06,9.294418E+01,0.000000E+00,1.259409E+02,1.104383E+06,2.720510E+06,9.294418E+01,2.715741E+06,9.294418E+01,0.000000E+00,0.000000E+00
07:00:00,1.457798E+02,0.000000E+00,1.457798E+02,1.327068E+06,3.143194E+06,1.457798E+02,0.000000E+00,1.457798E+02,9.608477E+05,3.181120E+06,1.457798E+02,4.259547E+06,1.457798E+02,0.000000E+00,0.000000E+00,1.041284E+01,0.000000E+00,3.983524E+01,4.696204E+05,6.537983E+05,1.041284E+01,0.000000E+00,3.876531E+01,4.297883E+05,6.444225E+05,1.262763E+01,2.905340E+05,1.041284E+01,0.000000E+00,0.000000E+00,1.041284E+01,0.000000E+00,4.293420E+01,5.091918E+05,6.992931E+05,1.041284E+01,0.000000E+00,4.186462E+01,4.693528E+05,6.905434E+05,1.572469E+01,2.697971E+05,1.041284E+01,0.000000E+00,0.000000E+00,9.294418E+01,0.000000E+00,2.010183E+02,2.327443E+06,4.243556E+06,9.294418E+01,0.000000E+00,1.963108E+02,2.029104E+06,4.208241E+06,9.294418E+01,2.715741E+06,9.294418E+01,0.000000E+00,0.000000E+00
08:00:00,1.457798E+02,0.000000E+00,1.457798E+02,1.558665E+06,3.380507E+06,1.457798E+02,0.000000E+00,1.457798E+02,1.192445E+06,3.983458E+06,1.457798E+02,4.259547E+06,1.457798E+02,0.000000E+00,0.000000E+00,1.041284E+01,0.000000E+00,6.219928E+01,7.199693E+05,9.363687E+05,1.041284E+01,0.000000E+00,6.137552E+01,6.840489E+05,9.748930E+05,1.767108E+01,2.466084E+05,1.041284E+01,0.000000E+00,0.000000E+00,1.041284E+01,0.000000E+00,6.366733E+01,7.373284E+05,9.561606E+05,1.041284E+01,0.000000E+00,6.279260E+01,7.007995E+05,9.948053E+05,2.023055E+01,2.263146E+05,1.041284E+01,0.000000E+00,0.000000E+00,9.294418E+01,0.000000E+00,2.032975E+02,2.464201E+06,4.308489E+06,9.294418E+01,0.000000E+00,1.986657E+02,2.168649E+06,4.656405E+06,9.294418E+01,2.715741E+06,9.294418E+01,0.000000E+00,0.000000E+00
09:00:00,1.457798E+02,0.000000E+00,1.457798E+02,1.817510E+06,3.645737E+06,1.457798E+02,0.000000E+00,1.457798E+02,1.451290E+06,4.794878E+06,1.457798E+02,4.259547E+06,1.457798E+02,0.000000E+00,0.000000E+00,1.041284E+01,0.000000E+00,5.723743E+01,6.583831E+05,8.537709E+05,1.041284E+01,0.000000E+00,5.641469E+01,6.229053E+05,9.319361E+05,1.247020E+01,2.872594E+05,1.041284E+01,0.000000E+00,0.000000E+00,1.041284E+01,0.000000E+00,5.932988E+01,6.820269E+05,8.805118E+05,1.041284E+01,0.000000E+00,5.845574E+01,6.459634E+05,9.591988E+05,1.407650E+01,2.739919E+05,1.041284E+01,0.000000E+00,0.000000E+00,9.294418E+01,0.000000E+00,2.042535E+02,2.634225E+06,4.433044E+06,9.294418E+01,0.000000E+00,1.996916E+02,2.339856E+06,5.145761E+06,9.294418E+01,2.715741E+06,9.294418E+01,0.000000E+00,0.000000E+00
10:00:00,1.457798E+02,0.000000E+00,1.457798E+02,2.049107E+06,3.883047E+06,1.457798E+02,0.000000E+00,1.457798E+02,1.682887E+06,5.033950E+06,1.457798E+02,4.259547E+06,1.457798E+02,0.000000E+00,0.000000E+00,1.041284E+01,0.000000E+00,5.527765E+01,6.523170E+05,8.369649E+05,1.041284E+01,0.000000E+00,5.447214E+01,6.170492E+05,9.172490E+05,1.260677E+01,2.861339E+05,1.041284E+01,0.000000E+00,0.000000E+00,1.041284E+01,0.000000E+00,5.543125E+01,6.540565E+05,8.394702E+05,1.041284E+01,0.000000E+00,5.458078E+01,6.182776E+05,9.203559E+05,1.352840E+01,2.785227E+05,1.041284E+01,0.000000E+00,0.000000E+00,9.294418E+01,0.000000E+00,2.039743E+02,2.776534E+06,4.580558E+06,9.294418E+01,0.000000E+00,1.994678E+02,2.482862E+06,5.318220E+06,9.294418E+01,2.715741E+06,9.294418E+01,0.000000E+00,0.000000E+00
11:00:00,1.457798E+02,0.000000E+00,1.457798E+02,2.253458E+06,4.092439E+06,1.457798E+02,0.000000E+00,1.457798E+02,1.887238E+06,5.244898E+06,1.457798E+02,4.259547E+06,1.457798E+02,0.000000E+00,0.000000E+00,1.041284E+01,0.000000E+00,5.314613E+01,6.427496E+05,8.284954E+05,1.041284E+01,0.000000E+00,5.234557E+01,6.075395E+05,9.098196E+05,1.145890E+01,2.956143E+05,1.041284E+01,0.000000E+00,0.000000E+00,1.041284E+01,0.000000E+00,5.250183E+01,6.354870E+05,8.215860E+05,1.041284E+01,0.000000E+00,5.165793E+01,5.997851E+05,9.036203E+05,1.179950E+01,2.928016E+05,1.041284E+01,0.000000E+00,0.000000E+00,9.294418E+01,0.000000E+00,2.056855E+02,2.928551E+06,4.744586E+06,9.294418E+01,0.000000E+00,2.012395E+02,2.635534E+06,5.488131E+06,9.294418E+01,2.715741E+06,9.294418E+01,0.000000E+00,0.000000E+00
12:00:00,1.457798E+02,0.000000E+00,1.457798E+02,2.389692E+06,4.232033E+06,1.457798E+02,0.000000E+00,1.457798E+02,2.023472E+06,5.385528E+06,1.457798E+02,4.259547E+06,1.457798E+02,0.000000E+00,0.000000E+00,1.041284E+01,0.000000E+00,5.096665E+01,6.278659E+05,8.161043E+05,1.041284E+01,0.000000E+00,5.017627E+01,5.927700E+05,8.974451E+05,1.085968E+01,3.005627E+05,1.041284E+01,0.000000E+00,0.000000E+00,1.041284E+01,0.000000E+00,4.982454E+01,6.149893E+05,8.034910E+05,1.041284E+01,0.000000E+00,4.899068E+01,5.794001E+05,8.855371E+05,1.089739E+01,3.002514E+05,1.041284E+01,0.000000E+00,0.000000E+00,9.294418E+01,0.000000E+00,2.068241E+02,3.029925E+06,4.848802E+06,9.294418E+01,0.000000E+00,2.024219E+02,2.737390E+06,5.591594E+06,9.294418E+01,2.715741E+06,9.294418E+01,0.000000E+00,0.000000E+00
13:00:00,1.457798E+02,0.000000E+00,1.457798E+02,2.498679E+06,4.343709E+06,1.457798E+02,0.000000E+00,1.457798E+02,2.132459E+06,5.498033E+06,1.457798E+02,4.259547E+06,1.457798E+02,0.000000E+00,0.000000E+00,1.041284E+01,0.000000E+00,4.977309E+01,6.221739E+05,8.115434E+05,1.041284E+01,0.000000E+00,4.898804E+01,5.871385E+05,8.928698E+05,1.041284E+01,3.042534E+05,1.041284E+01,0.000000E+00,0.000000E+00,1.041284E+01,0.000000E+00,4.838665E+01,6.065426E+05,7.963462E+05,1.041284E+01,0.000000E+00,4.755715E+01,5.710030E+05,8.784032E+05,1.041284E+01,3.042534E+05,1.041284E+01,0.000000E+00,0.000000E+00,9.294418E+01,0.000000E+00,2.080928E+02,3.115900E+06,4.938932E+06,9.294418E+01,0.000000E+00,2.037176E+02,2.823676E+06,5.682549E+06,9.294418E+01,2.715741E+06,9.294418E+01,0.000000E+00,0.000000E+00
14:00:00,1.457798E+02,0.000000E+00,1.457798E+02,2.566796E+06,4.413506E+06,1.457798E+02,0.000000E+00,1.457798E+02,2.200576E+06,5.568347E+06,1.457798E+02,4.259547E+06,1.457798E+02,0.000000E+00,0.000000E+00,1.041284E+01,0.000000E+00,4.971687E+01,6.263947E+05,8.168216E+05,1.041284E+01,0.000000E+00,4.893109E+01,5.913506E+05,8.983366E+05,1.041284E+01,3.042534E+05,1.041284E+01,0.000000E+00,0.000000E+00,1.041284E+01,0.000000E+00,4.824167E+01,6.097616E+05,8.008889E+05,1.041284E+01,0.000000E+00,4.741002E+01,5.741973E+05,8.831974E+05,1.041284E+01,3.042534E+05,1.041284E+01,0.000000E+00,0.000000E+00,9.294418E+01,0.000000E+00,2.092886E+02,3.174981E+06,5.002012E+06,9.294418E+01,0.000000E+00,2.049243E+02,2.882876E+06,5.746506E+06,9.294418E+01,2.715741E+06,9.294418E+01,0.000000E+00,0.000000E+00
15:00:00,1.457798E+02,0.000000E+00,1.457798E+02,2.566796E+06,4.413506E+06,1.457798E+02,0.000000E+00,1.457798E+02,2.200576E+06,5.568347E+06,1.457798E+02,4.259547E+06,1.457798E+02,0.000000E+00,0.000000E+00,1.041284E+01,0.000000E+00,4.978296E+01,6.271333E+05,8.178655E+05,1.041284E+01,0.000000E+00,4.899705E+01,5.920874E+05,8.994977E+05,1.041284E+01,3.042534E+05,1.041284E+01,0.000000E+00,0.000000E+00,1.041284E+01,0.000000E+00,4.837953E+01,6.113083E+05,8.030405E+05,1.041284E+01,0.000000E+00,4.754623E+01,5.757245E+05,8.855214E+05,1.041284E+01,3.042534E+05,1.041284E+01,0.000000E+00,0.000000E+00,9.294418E+01,0.000000E+00,2.094509E+02,3.177041E+06,5.001538E+06,9.294418E+01,0.000000E+00,2.050844E+02,2.884897E+06,5.745543E+06,9.294418E+01,2.715741E+06,9.294418E+01,0.000000E+00,0.000000E+00
16:00:00,1.457798E+02,0.000000E+00,1.457798E+02,2.485056E+06,4.329749E+06,1.457798E+02,0.000000E+00,1.457798E+02,2.118836E+06,5.483969E+06,1.457798E+02,4.259547E+06,1.457798E+02,0.000000E+00,0.000000E+00,1.041284E+01,0.000000E+00,4.971031E+01,6.204733E+05,8.109326E+05,1.041284E+01,0.000000E+00,4.892499E+01,5.854335E+05,8.925515E+05,1.041284E+01,3.042534E+05,1.041284E+01,0.000000E+00,0.000000E+00,1.041284E+01,0.000000E+00,4.844681E+01,6.062246E+05,7.978796E+05,1.041284E+01,0.000000E+00,4.761281E+01,5.706322E+05,8.803681E+05,1.041284E+01,3.042534E+05,1.041284E+01,0.000000E+00,0.000000E+00,9.294418E+01,0.000000E+00,2.081895E+02,3.108216E+06,4.923702E+06,9.294418E+01,0.000000E+00,2.038071E+02,2.815871E+06,5.666036E+06,9.294418E+01,2.715741E+06,9.294418E+01,0.000000E+00,0.000000E+00
17:00:00,1.457798E+02,0.000000E+00,1.457798E+02,2.376069E+06,4.218073E+06,1.457798E+02,0.000000E+00,1.457798E+02,2.009849E+06,5.371464E+06,1.457798E+02,4.259547E+06,1.457798E+02,0.000000E+00,0.000000E+00,1.041284E+01,0.000000E+00,4.952652E+01,6.106162E+05,8.006818E+05,1.041284E+01,0.000000E+00,4.874103E+01,5.755746E+05,8.822416E+05,1.041284E+01,3.042534E+05,1.041284E+01,0.000000E+00,0.000000E+00,1.041284E+01,0.000000E+00,4.841695E+01,5.981022E+05,7.894621E+05,1.041284E+01,0.000000E+00,4.758173E+01,5.624959E+05,8.718898E+05,1.041284E+01,3.042534E+05,1.041284E+01,0.000000E+00,0.000000E+00,9.294418E+01,0.000000E+00,2.059967E+02,3.009743E+06,4.814670E+06,9.294418E+01,0.000000E+00,2.015911E+02,2.717113E+06,5.555073E+06,9.294418E+01,2.715741E+06,9.294418E+01,0.000000E+00,0.000000E+00
18:00:00,1.457798E+02,0.000000E+00,1.457798E+02,2.239835E+06,4.078480E+06,1.457798E+02,0.000000E+00,1.457798E+02,1.873615E+06,5.230834E+06,1.457798E+02,4.259547E+06,1.457798E+02,0.000000E+00,0.000000E+00,1.041284E+01,0.000000E+00,4.885881E+01,5.933590E+05,7.824151E+05,1.041284E+01,0.000000E+00,4.807553E+01,5.583428E+05,8.638624E+05,1.041284E+01,3.042534E+05,1.041284E+01,0.000000E+00,0.000000E+00,1.041284E+01,0.000000E+00,4.785807E+01,5.820717E+05,7.723870E+05,1.041284E+01,0.000000E+00,4.702428E+01,5.464819E+05,8.546653E+05,1.041284E+01,3.042534E+05,1.041284E+01,0.000000E+00,0.000000E+00,9.294418E+01,0.000000E+00,2.028077E+02,2.880737E+06,4.671834E+06,9.294418E+01,0.000000E+00,1.983749E+02,2.587775E+06,5.409757E+06,9.294418E+01,2.715741E+06,9.294418E+01,0.000000E+00,0.000000E+00
19:00:00,1.457798E+02,0.000000E+00,1.457798E+02,2.035484E+06,3.869087E+06,1.457798E+02,0.000000E+00,1.457798E+02,1.669264E+06,5.019887E+06,1.457798E+02,4.259547E+06,1.457798E+02,0.000000E+00,0.000000E+00,1.041284E+01,0.000000E+00,4.718527E+01,5.598991E+05,7.466641E+05,1.041284E+01,0.000000E+00,4.640934E+01,5.249672E+05,8.278779E+05,1.041284E+01,3.042534E+05,1.041284E+01,0.000000E+00,0.000000E+00,1.041284E+01,0.000000E+00,4.620568E+01,5.488507E+05,7.366756E+05,1.041284E+01,0.000000E+00,4.537887E+01,5.133414E+05,8.186331E+05,1.041284E+01,3.042534E+05,1.041284E+01,0.000000E+00,0.000000E+00,9.294418E+01,0.000000E+00,1.981043E+02,2.688278E+06,4.458273E+06,9.294418E+01,0.000000E+00,1.936382E+02,2.394917E+06,5.192455E+06,9.294418E+01,2.715741E+06,9.294418E+01,0.000000E+00,0.000000E+00
20:00:00,1.457798E+02,0.000000E+00,1.457798E+02,1.885627E+06,3.715533E+06,1.457798E+02,0.000000E+00,1.457798E+02,1.519407E+06,4.865193E+06,1.457798E+02,4.259547E+06,1.457798E+02,0.000000E+00,0.000000E+00,1.041284E+01,0.000000E+00,4.421147E+01,5.156762E+05,6.989213E+05,1.041284E+01,0.000000E+00,4.345612E+01,4.809788E+05,7.798769E+05,1.041284E+01,3.042534E+05,1.041284E+01,0.000000E+00,0.000000E+00,1.041284E+01,0.000000E+00,4.331738E+01,5.055926E+05,6.898167E+05,1.041284E+01,0.000000E+00,4.250975E+01,4.703024E+05,7.714093E+05,1.041284E+01,3.042534E+05,1.041284E+01,0.000000E+00,0.000000E+00,9.294418E+01,0.000000E+00,1.928069E+02,2.522715E+06,4.272221E+06,9.294418E+01,0.000000E+00,1.883223E+02,2.229156E+06,5.003016E+06,9.294418E+01,2.715741E+06,9.294418E+01,0.000000E+00,0.000000E+00
21:00:00,1.457798E+02,0.000000E+00,1.457798E+02,1.763016E+06,3.589897E+06,1.457798E+02,0.000000E+00,1.457798E+02,1.396796E+06,4.736571E+06,1.457798E+02,4.259547E+06,1.457798E+02,0.000000E+00,0.000000E+00,1.041284E+01,0.000000E+00,4.274997E+01,4.904477E+05,6.735990E+05,1.041284E+01,0.000000E+00,4.200700E+01,4.558914E+05,7.545886E+05,1.041284E+01,3.042534E+05,1.041284E+01,0.000000E+00,0.000000E+00,1.041284E+01,0.000000E+00,4.181014E+01,4.798487E+05,6.638274E+05,1.041284E+01,0.000000E+00,4.101396E+01,4.446897E+05,7.454195E+05,1.041284E+01,3.042534E+05,1.041284E+01,0.000000E+00,0.000000E+00,9.294418E+01,0.000000E+00,1.896854E+02,2.403285E+06,4.146816E+06,9.294418E+01,0.000000E+00,1.851816E+02,2.109497E+06,4.874882E+06,9.294418E+01,2.715741E+06,9.294418E+01,0.000000E+00,0.000000E+00
22:00:00,1.457798E+02,0.000000E+00,1.457798E+02,1.640406E+06,3.464263E+06,1.457798E+02,0.000000E+00,1.457798E+02,1.274186E+06,4.279429E+06,1.457798E+02,4.259547E+06,1.457798E+02,0.000000E+00,0.000000E+00,1.041284E+01,0.000000E+00,4.196074E+01,4.727910E+05,6.566450E+05,1.041284E+01,0.000000E+00,4.121958E+01,4.382553E+05,7.141550E+05,1.041284E+01,3.042534E+05,1.041284E+01,0.000000E+00,0.000000E+00,1.041284E+01,0.000000E+00,4.088975E+01,4.607141E+05,6.451840E+05,1.041284E+01,0.000000E+00,4.009485E+01,4.255696E+05,7.032726E+05,1.041284E+01,3.042534E+05,1.041284E+01,0.000000E+00,0.000000E+00,9.294418E+01,0.000000E+00,1.874047E+02,2.294923E+06,4.032389E+06,9.294418E+01,0.000000E+00,1.828755E+02,2.000813E+06,4.547765E+06,9.294418E+01,2.715741E+06,9.294418E+01,0.000000E+00,0.000000E+00
23:00:00,1.457798E+02,0.000000E+00,1.457798E+02,1.545042E+06,3.366547E+06,1.457798E+02,0.000000E+00,1.457798E+02,1.178822E+06,3.934796E+06,1.457798E+02,4.259547E+06,1.457798E+02,0.000000E+00,0.000000E+00,1.041284E+01,0.000000E+00,1.164499E+01,1.269500E+05,2.592652E+05,1.041284E+01,0.000000E+00,1.117505E+01,9.445826E+04,2.929757E+05,1.041284E+01,3.042534E+05,1.041284E+01,0.000000E+00,0.000000E+00,1.041284E+01,0.000000E+00,1.089278E+01,1.168166E+05,2.478448E+05,1.041284E+01,0.000000E+00,1.041284E+01,8.420156E+04,2.810568E+05,1.041284E+01,3.042534E+05,1.041284E+01,0.000000E+00,0.000000E+00,9.294418E+01,0.000000E+00,1.847397E+02,2.201935E+06,3.934247E+06,9.294418E+01,0.000000E+00,1.800865E+02,1.906502E+06,4.266045E+06,9.294418E+01,2.715741E+06,9.294418E+01,0.000000E+00,0.000000E+00
24:00:00,1.457798E+02,0.000000E+00,1.457798E+02,1.449678E+06,3.268830E+06,1.457798E+02,0.000000E+00,1.457798E+02,1.083458E+06,3.599366E+06,1.457798E+02,4.259547E+06,1.457798E+02,0.000000E+00,0.000000E+00,1.041284E+01,0.000000E+00,2.048454E+01,2.444449E+05,3.908446E+05,1.041284E+01,0.000000E+00,1.987511E+01,2.097597E+05,4.091122E+05,1.041284E+01,3.042534E+05,1.041284E+01,0.000000E+00,0.000000E+00,1.041284E+01,0.000000E+00,2.009833E+01,2.390418E+05,3.864124E+05,1.041284E+01,0.000000E+00,1.943652E+01,2.036238E+05,4.043681E+05,1.041284E+01,3.042534E+05,1.041284E+01,0.000000E+00,0.000000E+00,9.294418E+01,0.000000E+00,1.838352E+02,2.129709E+06,3.856630E+06,9.294418E+01,0.000000E+00,1.792199E+02,1.834843E+06,4.034304E+06,9.294418E+01,2.715741E+06,9.294418E+01,0.000000E+00,0.000000E+00
Coinc Peak   ,1.457798E+02,1.457798E+02,4.259547E+06,2.566796E+06,1.767108E+01,6.219928E+01,3.042534E+05,7.199693E+05,2.023055E+01,6.366733E+01,3.042534E+05,7.373284E+05,9.294418E+01,2.094509E+02,2.715741E+06,3.177041E+06
NonCoinc Peak,1.457798E+02,1.457798E+02,4.259547E+06,2.566796E+06,1.767108E+01,6.219928E+01,3.042534E+05,7.199693E+05,2.023055E+01,6.366733E+01,3.042534E+05,7.373284E+05,9.294418E+01,2.094509E+02,2.715741E+06,3.177041E+06
