Time,1 ZONE VAV:DesPer 1:Des Heat Mass Flow [kg/s],1 ZONE VAV:DesPer 1:Des Heat Cap [W],1 ZONE VAV:DesPer 1:Des Cool Mass Flow [kg/s],1 ZONE VAV:DesPer 1:Des Sens Cool Cap [W],1 ZONE VAV:DesPer 1:Des Tot Cool Cap [W],1 ZONE VAV:DesPer 2:Des Heat Mass Flow [kg/s],1 ZONE VAV:DesPer 2:Des Heat Cap [W],1 ZONE VAV:DesPer 2:Des Cool Mass Flow [kg/s],1 ZONE VAV:DesPer 2:Des Sens Cool Cap [W],1 ZONE VAV:DesPer 2:Des Tot Cool Cap [W],1 ZONE VAV:DesPer 3:Des Heat Mass Flow [kg/s],1 ZONE VAV:DesPer 3:Des Heat Cap [W],1 ZONE VAV:DesPer 3:Des Cool Mass Flow [kg/s],1 ZONE VAV:DesPer 3:Des Sens Cool Cap [W],1 ZONE VAV:DesPer 3:Des Tot Cool Cap [W],1 ZONE VAV 1:DesPer 1:Des Heat Mass Flow [kg/s],1 ZONE VAV 1:DesPer 1:Des Heat Cap [W],1 ZONE VAV 1:DesPer 1:Des Cool Mass Flow [kg/s],1 ZONE VAV 1:DesPer 1:Des Sens Cool Cap [W],1 ZONE VAV 1:DesPer 1:Des Tot Cool Cap [W],1 ZONE VAV 1:DesPer 2:Des Heat Mass Flow [kg/s],1 ZONE VAV 1:DesPer 2:Des Heat Cap [W],1 ZONE VAV 1:DesPer 2:Des Cool Mass Flow [kg/s],1 ZONE VAV 1:DesPer 2:Des Sens Cool Cap [W],1 ZONE VAV 1:DesPer 2:Des Tot Cool Cap [W],1 ZONE VAV 1:DesPer 3:Des Heat Mass Flow [kg/s],1 ZONE VAV 1:DesPer 3:Des Heat Cap [W],1 ZONE VAV 1:DesPer 3:Des Cool Mass Flow [kg/s],1 ZONE VAV 1:DesPer 3:Des Sens Cool Cap [W],1 ZONE VAV 1:DesPer 3:Des Tot Cool Cap [W],1 ZONE VAV 2:DesPer 1:Des Heat Mass Flow [kg/s],1 ZONE VAV 2:DesPer 1:Des Heat Cap [W],1 ZONE VAV 2:DesPer 1:Des Cool Mass Flow [kg/s],1 ZONE VAV 2:DesPer 1:Des Sens Cool Cap [W],1 ZONE VAV 2:DesPer 1:Des Tot Cool Cap [W],1 ZONE VAV 2:DesPer 2:Des Heat Mass Flow [kg/s],1 ZONE VAV 2:DesPer 2:Des Heat Cap [W],1 ZONE VAV 2:DesPer 2:Des Cool Mass Flow [kg/s],1 ZONE VAV 2:DesPer 2:Des Sens Cool Cap [W],1 ZONE VAV 2:DesPer 2:Des Tot Cool Cap [W],1 ZONE VAV 2:DesPer 3:Des Heat Mass Flow [kg/s],1 ZONE VAV 2:DesPer 3:Des Heat Cap [W],1 ZONE VAV 2:DesPer 3:Des Cool Mass Flow [kg/s],1 ZONE VAV 2:DesPer 3:Des Sens Cool Cap [W],1 ZONE VAV 2:DesPer 3:Des Tot Cool Cap [W],1 ZONE VAV 3:DesPer 1:Des Heat Mass Flow [kg/s],1 ZONE VAV 3:DesPer 1:Des Heat Cap [W],1 ZONE VAV 3:DesPer 1:Des Cool Mass Flow [kg/s],1 ZONE VAV 3:DesPer 1:Des Sens Cool Cap [W],1 ZONE VAV 3:DesPer 1:Des Tot Cool Cap [W],1 ZONE VAV 3:DesPer 2:Des Heat Mass Flow [kg/s],1 ZONE VAV 3:DesPer 2:Des Heat Cap [W],1 ZONE VAV 3:DesPer 2:Des Cool Mass Flow [kg/s],1 ZONE VAV 3:DesPer 2:Des Sens Cool Cap [W],1 ZONE VAV 3:DesPer 2:Des Tot Cool Cap [W],1 ZONE VAV 3:DesPer 3:Des Heat Mass Flow [kg/s],1 ZONE VAV 3:DesPer 3:Des Heat Cap [W],1 ZONE VAV 3:DesPer 3:Des Cool Mass Flow [kg/s],1 ZONE VAV 3:DesPer 3:Des Sens Cool Cap [W],1 ZONE VAV 3:DesPer 3:Des Tot Cool Cap [W]
00:15:00,7.341052E+01,0.000000E+00,9.013934E+01,9.246187E+05,2.045353E+06,7.341052E+01,0.000000E+00,8.984819E+01,7.366054E+05,2.180231E+06,7.341052E+01,2.144986E+06,7.341052E+01,0.000000E+00,0.000000E+00,4.571445E+01,0.000000E+00,1.457846E+02,1.775787E+06,3.070672E+06,4.571445E+01,0.000000E+00,1.452975E+02,1.654482E+06,3.153959E+06,4.571445E+01,1.335733E+06,4.571445E+01,0.000000E+00,0.000000E+00,8.850914E+00,0.000000E+00,8.850914E+00,8.677548E+04,1.971933E+05,8.850914E+00,0.000000E+00,8.850914E+00,6.454069E+04,2.142397E+05,8.850914E+00,2.586153E+05,8.850914E+00,0.000000E+00,0.000000E+00,8.850914E+00,0.000000E+00,8.850914E+00,8.677548E+04,1.971933E+05,8.850914E+00,0.000000E+00,8.850914E+00,6.454069E+04,2.142397E+05,8.850914E+00,2.586153E+05,8.850914E+00,0.000000E+00,0.000000E+00
00:30:00,7.341052E+01,0.000000E+00,7.341052E+01,7.094355E+05,1.625000E+06,7.341052E+01,0.000000E+00,7.341052E+01,5.250175E+05,1.741526E+06,7.341052E+01,2.144986E+06,7.341052E+01,0.000000E+00,0.000000E+00,4.571445E+01,0.000000E+00,1.455170E+02,1.766233E+06,3.060008E+06,4.571445E+01,0.000000E+00,1.450295E+02,1.644918E+06,3.127650E+06,4.571445E+01,1.335733E+06,4.571445E+01,0.000000E+00,0.000000E+00,8.850914E+00,0.000000E+00,8.850914E+00,8.553478E+04,1.959220E+05,8.850914E+00,0.000000E+00,8.850914E+00,6.329999E+04,2.099712E+05,8.850914E+00,2.586153E+05,8.850914E+00,0.000000E+00,0.000000E+00,8.850914E+00,0.000000E+00,8.850914E+00,8.553478E+04,1.959220E+05,8.850914E+00,0.000000E+00,8.850914E+00,6.329999E+04,2.099712E+05,8.850914E+00,2.586153E+05,8.850914E+00,0.000000E+00,0.000000E+00
00:45:00,7.341052E+01,0.000000E+00,7.341052E+01,6.991450E+05,1.614456E+06,7.341052E+01,0.000000E+00,7.341052E+01,5.147270E+05,1.706325E+06,7.341052E+01,2.144986E+06,7.341052E+01,0.000000E+00,0.000000E+00,4.571445E+01,0.000000E+00,1.453307E+02,1.757652E+06,3.050012E+06,4.571445E+01,0.000000E+00,1.448434E+02,1.636337E+06,3.102193E+06,4.571445E+01,1.335733E+06,4.571445E+01,0.000000E+00,0.000000E+00,8.850914E+00,0.000000E+00,8.850914E+00,8.429408E+04,1.946507E+05,8.850914E+00,0.000000E+00,8.850914E+00,6.205928E+04,2.057271E+05,8.850914E+00,2.586153E+05,8.850914E+00,0.000000E+00,0.000000E+00,8.850914E+00,0.000000E+00,8.850914E+00,8.429408E+04,1.946507E+05,8.850914E+00,0.000000E+00,8.850914E+00,6.205928E+04,2.057271E+05,8.850914E+00,2.586153E+05,8.850914E+00,0.000000E+00,0.000000E+00
01:00:00,7.341052E+01,0.000000E+00,7.341052E+01,6.888545E+05,1.603912E+06,7.341052E+01,0.000000E+00,7.341052E+01,5.044365E+05,1.671324E+06,7.341052E+01,2.144986E+06,7.341052E+01,0.000000E+00,0.000000E+00,4.571445E+01,0.000000E+00,1.451959E+02,1.749623E+06,3.040931E+06,4.571445E+01,0.000000E+00,1.447089E+02,1.628312E+06,3.077707E+06,4.571445E+01,1.335733E+06,4.571445E+01,0.000000E+00,0.000000E+00,8.850914E+00,0.000000E+00,8.850914E+00,8.305338E+04,1.933795E+05,8.850914E+00,0.000000E+00,8.850914E+00,6.081858E+04,2.015072E+05,8.850914E+00,2.586153E+05,8.850914E+00,0.000000E+00,0.000000E+00,8.850914E+00,0.000000E+00,8.850914E+00,8.305338E+04,1.933795E+05,8.850914E+00,0.000000E+00,8.850914E+00,6.081858E+04,2.015072E+05,8.850914E+00,2.586153E+05,8.850914E+00,0.000000E+00,0.000000E+00
01:15:00,7.341052E+01,0.000000E+00,7.341052E+01,6.819941E+05,1.596882E+06,7.341052E+01,0.000000E+00,7.341052E+01,4.975761E+05,1.648102E+06,7.341052E+01,2.144986E+06,7.341052E+01,0.000000E+00,0.000000E+00,4.571445E+01,0.000000E+00,1.190921E+02,1.459322E+06,2.843033E+06,4.571445E+01,0.000000E+00,1.186637E+02,1.338409E+06,2.868674E+06,4.571445E+01,1.335733E+06,4.571445E+01,0.000000E+00,0.000000E+00,8.850914E+00,0.000000E+00,8.850914E+00,8.222624E+04,1.925319E+05,8.850914E+00,0.000000E+00,8.850914E+00,5.999145E+04,1.987073E+05,8.850914E+00,2.586153E+05,8.850914E+00,0.000000E+00,0.000000E+00,8.850914E+00,0.000000E+00,8.850914E+00,8.222624E+04,1.925319E+05,8.850914E+00,0.000000E+00,8.850914E+00,5.999145E+04,1.987073E+05,8.850914E+00,2.586153E+05,8.850914E+00,0.000000E+00,0.000000E+00
01:30:00,7.341052E+01,0.000000E+00,7.341052E+01,6.751338E+05,1.589852E+06,7.341052E+01,0.000000E+00,7.341052E+01,4.907158E+05,1.624967E+06,7.341052E+01,2.144986E+06,7.341052E+01,0.000000E+00,0.000000E+00,4.571445E+01,0.000000E+00,9.525223E+01,1.165949E+06,2.359575E+06,4.571445E+01,0.000000E+00,9.485975E+01,1.045173E+06,2.374133E+06,4.571445E+01,1.335733E+06,4.571445E+01,0.000000E+00,0.000000E+00,8.850914E+00,0.000000E+00,8.850914E+00,8.139911E+04,1.916843E+05,8.850914E+00,0.000000E+00,8.850914E+00,5.916431E+04,1.959181E+05,8.850914E+00,2.586153E+05,8.850914E+00,0.000000E+00,0.000000E+00,8.850914E+00,0.000000E+00,8.850914E+00,8.139911E+04,1.916843E+05,8.850914E+00,0.000000E+00,8.850914E+00,5.916431E+04,1.959181E+05,8.850914E+00,2.586153E+05,8.850914E+00,0.000000E+00,0.000000E+00
01:45:00,7.341052E+01,0.000000E+00,7.341052E+01,6.682734E+05,1.582823E+06,7.341052E+01,0.000000E+00,7.341052E+01,4.838554E+05,1.601921E+06,7.341052E+01,2.144986E+06,7.341052E+01,0.000000E+00,0.000000E+00,4.571445E+01,0.000000E+00,7.203292E+01,8.385756E+05,1.835403E+06,4.571445E+01,0.000000E+00,7.167958E+01,7.180481E+05,1.838338E+06,4.571445E+01,1.335733E+06,4.571445E+01,0.000000E+00,0.000000E+00,8.850914E+00,0.000000E+00,8.850914E+00,8.057197E+04,1.908368E+05,8.850914E+00,0.000000E+00,8.850914E+00,5.833718E+04,1.931394E+05,8.850914E+00,2.586153E+05,8.850914E+00,0.000000E+00,0.000000E+00,8.850914E+00,0.000000E+00,8.850914E+00,8.057197E+04,1.908368E+05,8.850914E+00,0.000000E+00,8.850914E+00,5.833718E+04,1.931394E+05,8.850914E+00,2.586153E+05,8.850914E+00,0.000000E+00,0.000000E+00
02:00:00,7.341052E+01,0.000000E+00,7.341052E+01,6.614131E+05,1.575793E+06,7.341052E+01,0.000000E+00,7.341052E+01,4.769951E+05,1.578962E+06,7.341052E+01,2.144986E+06,7.341052E+01,0.000000E+00,0.000000E+00,4.571445E+01,0.000000E+00,4.986258E+01,4.826115E+05,1.126763E+06,4.571445E+01,0.000000E+00,4.954341E+01,3.623255E+05,1.117973E+06,4.571445E+01,1.335733E+06,4.571445E+01,0.000000E+00,0.000000E+00,8.850914E+00,0.000000E+00,8.850914E+00,7.974484E+04,1.899892E+05,8.850914E+00,0.000000E+00,8.850914E+00,5.751005E+04,1.903713E+05,8.850914E+00,2.586153E+05,8.850914E+00,0.000000E+00,0.000000E+00,8.850914E+00,0.000000E+00,8.850914E+00,7.974484E+04,1.899892E+05,8.850914E+00,0.000000E+00,8.850914E+00,5.751005E+04,1.903713E+05,8.850914E+00,2.586153E+05,8.850914E+00,0.000000E+00,0.000000E+00
02:15:00,7.341052E+01,0.000000E+00,7.341052E+01,6.562678E+05,1.570521E+06,7.341052E+01,0.000000E+00,7.341052E+01,4.718498E+05,1.561800E+06,7.341052E+01,2.144986E+06,7.341052E+01,0.000000E+00,0.000000E+00,4.571445E+01,0.000000E+00,5.438824E+01,5.580754E+05,1.299928E+06,4.571445E+01,0.000000E+00,5.404505E+01,4.373212E+05,1.282841E+06,4.571445E+01,1.335733E+06,4.571445E+01,0.000000E+00,0.000000E+00,8.850914E+00,0.000000E+00,8.850914E+00,7.912449E+04,1.893536E+05,8.850914E+00,0.000000E+00,8.850914E+00,5.688969E+04,1.883021E+05,8.850914E+00,2.586153E+05,8.850914E+00,0.000000E+00,0.000000E+00,8.850914E+00,0.000000E+00,8.850914E+00,7.912449E+04,1.893536E+05,8.850914E+00,0.000000E+00,8.850914E+00,5.688969E+04,1.883021E+05,8.850914E+00,2.586153E+05,8.850914E+00,0.000000E+00,0.000000E+00
02:30:00,7.341052E+01,0.000000E+00,7.341052E+01,6.511225E+05,1.565249E+06,7.341052E+01,0.000000E+00,7.341052E+01,4.667046E+05,1.544686E+06,7.341052E+01,2.144986E+06,7.341052E+01,0.000000E+00,0.000000E+00,4.571445E+01,0.000000E+00,5.697101E+01,5.998844E+05,1.399428E+06,4.571445E+01,0.000000E+00,5.662554E+01,4.790760E+05,1.375117E+06,4.571445E+01,1.335733E+06,4.571445E+01,0.000000E+00,0.000000E+00,8.850914E+00,0.000000E+00,8.850914E+00,7.850414E+04,1.887179E+05,8.850914E+00,0.000000E+00,8.850914E+00,5.626934E+04,1.862388E+05,8.850914E+00,2.586153E+05,8.850914E+00,0.000000E+00,0.000000E+00,8.850914E+00,0.000000E+00,8.850914E+00,7.850414E+04,1.887179E+05,8.850914E+00,0.000000E+00,8.850914E+00,5.626934E+04,1.862388E+05,8.850914E+00,2.586153E+05,8.850914E+00,0.000000E+00,0.000000E+00
02:45:00,7.341052E+01,0.000000E+00,7.341052E+01,6.459773E+05,1.559977E+06,7.341052E+01,0.000000E+00,7.341052E+01,4.615593E+05,1.527621E+06,7.341052E+01,2.144986E+06,7.341052E+01,0.000000E+00,0.000000E+00,4.571445E+01,0.000000E+00,5.919059E+01,6.349618E+05,1.477602E+06,4.571445E+01,0.000000E+00,5.883875E+01,5.140445E+05,1.446108E+06,4.571445E+01,1.335733E+06,4.571445E+01,0.000000E+00,0.000000E+00,8.850914E+00,0.000000E+00,8.897435E+00,7.853458E+04,1.888075E+05,8.850914E+00,0.000000E+00,8.850914E+00,5.564899E+04,1.841813E+05,8.850914E+00,2.586153E+05,8.850914E+00,0.000000E+00,0.000000E+00,8.850914E+00,0.000000E+00,8.850914E+00,7.788379E+04,1.880823E+05,8.850914E+00,0.000000E+00,8.850914E+00,5.564899E+04,1.841813E+05,8.850914E+00,2.586153E+05,8.850914E+00,0.000000E+00,0.000000E+00
03:00:00,7.341052E+01,0.000000E+00,7.341052E+01,6.408320E+05,1.554705E+06,7.341052E+01,0.000000E+00,7.341052E+01,4.564140E+05,1.510605E+06,7.341052E+01,2.144986E+06,7.341052E+01,0.000000E+00,0.000000E+00,4.571445E+01,0.000000E+00,6.061817E+01,6.563575E+05,1.522008E+06,4.571445E+01,0.000000E+00,6.026415E+01,5.354035E+05,1.483422E+06,4.571445E+01,1.335733E+06,4.571445E+01,0.000000E+00,0.000000E+00,8.850914E+00,0.000000E+00,9.140314E+00,8.131195E+04,1.919416E+05,8.850914E+00,0.000000E+00,8.850914E+00,5.502864E+04,1.821297E+05,8.850914E+00,2.586153E+05,8.850914E+00,0.000000E+00,0.000000E+00,8.850914E+00,0.000000E+00,8.850914E+00,7.726344E+04,1.874467E+05,8.850914E+00,0.000000E+00,8.850914E+00,5.502864E+04,1.821297E+05,8.850914E+00,2.586153E+05,8.850914E+00,0.000000E+00,0.000000E+00
03:15:00,7.341052E+01,0.000000E+00,7.341052E+01,6.356868E+05,1.549433E+06,7.341052E+01,0.000000E+00,7.341052E+01,4.512688E+05,1.493636E+06,7.341052E+01,2.144986E+06,7.341052E+01,0.000000E+00,0.000000E+00,4.571445E+01,0.000000E+00,6.178336E+01,6.732384E+05,1.555803E+06,4.571445E+01,0.000000E+00,6.142692E+01,5.522430E+05,1.510067E+06,4.571445E+01,1.335733E+06,4.571445E+01,0.000000E+00,0.000000E+00,8.850914E+00,0.000000E+00,9.382422E+00,8.407854E+04,1.950386E+05,8.850914E+00,0.000000E+00,8.922155E+00,5.540489E+04,1.812127E+05,8.850914E+00,2.586153E+05,8.850914E+00,0.000000E+00,0.000000E+00,8.850914E+00,0.000000E+00,8.850914E+00,7.664308E+04,1.868110E+05,8.850914E+00,0.000000E+00,8.850914E+00,5.440829E+04,1.800838E+05,8.850914E+00,2.586153E+05,8.850914E+00,0.000000E+00,0.000000E+00
03:30:00,7.341052E+01,0.000000E+00,7.341052E+01,6.305415E+05,1.544160E+06,7.341052E+01,0.000000E+00,7.341052E+01,4.461235E+05,1.476716E+06,7.341052E+01,2.144986E+06,7.341052E+01,0.000000E+00,0.000000E+00,4.571445E+01,0.000000E+00,6.284013E+01,6.882670E+05,1.585798E+06,4.571445E+01,0.000000E+00,6.248166E+01,5.672365E+05,1.532902E+06,4.571445E+01,1.335733E+06,4.571445E+01,0.000000E+00,0.000000E+00,8.850914E+00,0.000000E+00,9.623624E+00,8.683245E+04,1.980986E+05,8.850914E+00,0.000000E+00,9.158826E+00,5.809539E+04,1.829022E+05,8.850914E+00,2.586153E+05,8.850914E+00,0.000000E+00,0.000000E+00,8.850914E+00,0.000000E+00,8.850914E+00,7.602273E+04,1.861753E+05,8.850914E+00,0.000000E+00,8.850914E+00,5.378794E+04,1.780438E+05,8.850914E+00,2.586153E+05,8.850914E+00,0.000000E+00,0.000000E+00
03:45:00,7.341052E+01,0.000000E+00,7.341052E+01,6.253962E+05,1.538887E+06,7.341052E+01,0.000000E+00,7.341052E+01,4.409782E+05,1.459844E+06,7.341052E+01,2.144986E+06,7.341052E+01,0.000000E+00,0.000000E+00,4.571445E+01,0.000000E+00,6.381235E+01,7.018470E+05,1.612837E+06,4.571445E+01,0.000000E+00,6.345208E+01,5.807852E+05,1.552786E+06,4.571445E+01,1.335733E+06,4.571445E+01,0.000000E+00,0.000000E+00,8.850914E+00,0.000000E+00,9.863499E+00,8.956781E+04,2.011175E+05,8.850914E+00,0.000000E+00,9.394529E+00,6.077236E+04,1.845518E+05,8.850914E+00,2.586153E+05,8.850914E+00,0.000000E+00,0.000000E+00,8.850914E+00,0.000000E+00,8.850914E+00,7.540238E+04,1.855396E+05,8.850914E+00,0.000000E+00,8.850914E+00,5.316759E+04,1.760095E+05,8.850914E+00,2.586153E+05,8.850914E+00,0.000000E+00,0.000000E+00
04:00:00,7.341052E+01,0.000000E+00,7.341052E+01,6.202510E+05,1.533615E+06,7.341052E+01,0.000000E+00,7.341052E+01,4.358330E+05,1.443019E+06,7.341052E+01,2.144986E+06,7.341052E+01,0.000000E+00,0.000000E+00,4.571445E+01,0.000000E+00,6.471737E+01,7.142710E+05,1.637360E+06,4.571445E+01,0.000000E+00,6.435546E+01,5.931808E+05,1.570172E+06,4.571445E+01,1.335733E+06,4.571445E+01,0.000000E+00,0.000000E+00,8.850914E+00,0.000000E+00,1.010174E+01,9.228025E+04,2.040925E+05,8.850914E+00,0.000000E+00,9.628909E+00,6.343082E+04,1.861579E+05,8.850914E+00,2.586153E+05,8.850914E+00,0.000000E+00,0.000000E+00,8.850914E+00,0.000000E+00,8.850914E+00,7.478203E+04,1.849040E+05,8.850914E+00,0.000000E+00,8.850914E+00,5.254724E+04,1.739810E+05,8.850914E+00,2.586153E+05,8.850914E+00,0.000000E+00,0.000000E+00
04:15:00,7.341052E+01,0.000000E+00,7.341052E+01,6.168208E+05,1.530101E+06,7.341052E+01,0.000000E+00,7.341052E+01,4.324028E+05,1.431829E+06,7.341052E+01,2.144986E+06,7.341052E+01,0.000000E+00,0.000000E+00,4.571445E+01,0.000000E+00,6.556805E+01,7.268256E+05,1.660886E+06,4.571445E+01,0.000000E+00,6.520465E+01,6.057095E+05,1.588971E+06,4.571445E+01,1.335733E+06,4.571445E+01,0.000000E+00,0.000000E+00,8.850914E+00,0.000000E+00,1.033868E+01,9.518148E+04,2.072427E+05,8.850914E+00,0.000000E+00,9.862307E+00,6.628234E+04,1.884016E+05,8.850914E+00,2.586153E+05,8.850914E+00,0.000000E+00,0.000000E+00,8.850914E+00,0.000000E+00,8.850914E+00,7.436847E+04,1.844803E+05,8.850914E+00,0.000000E+00,8.850914E+00,5.213367E+04,1.726318E+05,8.850914E+00,2.586153E+05,8.850914E+00,0.000000E+00,0.000000E+00
04:30:00,7.341052E+01,0.000000E+00,7.341052E+01,6.133906E+05,1.526586E+06,7.341052E+01,0.000000E+00,7.341052E+01,4.289726E+05,1.420660E+06,7.341052E+01,2.144986E+06,7.341052E+01,0.000000E+00,0.000000E+00,4.571445E+01,0.000000E+00,6.637230E+01,7.385784E+05,1.682666E+06,4.571445E+01,0.000000E+00,6.600753E+01,6.174385E+05,1.606031E+06,4.571445E+01,1.335733E+06,4.571445E+01,0.000000E+00,0.000000E+00,8.850914E+00,0.000000E+00,1.057309E+01,9.804717E+04,2.103390E+05,8.850914E+00,0.000000E+00,1.009345E+01,6.910228E+04,1.905885E+05,8.850914E+00,2.586153E+05,8.850914E+00,0.000000E+00,0.000000E+00,8.850914E+00,0.000000E+00,8.850914E+00,7.395490E+04,1.840564E+05,8.850914E+00,0.000000E+00,8.850914E+00,5.172011E+04,1.712852E+05,8.850914E+00,2.586153E+05,8.850914E+00,0.000000E+00,0.000000E+00
04:45:00,7.341052E+01,0.000000E+00,7.341052E+01,6.099605E+05,1.523071E+06,7.341052E+01,0.000000E+00,7.341052E+01,4.255425E+05,1.409512E+06,7.341052E+01,2.144986E+06,7.341052E+01,0.000000E+00,0.000000E+00,4.571445E+01,0.000000E+00,6.713776E+01,7.496614E+05,1.703055E+06,4.571445E+01,0.000000E+00,6.677172E+01,6.284997E+05,1.621709E+06,4.571445E+01,1.335733E+06,4.571445E+01,0.000000E+00,0.000000E+00,8.850914E+00,0.000000E+00,1.080518E+01,1.008804E+05,2.133869E+05,8.850914E+00,0.000000E+00,1.032251E+01,7.189325E+04,1.927240E+05,8.850914E+00,2.586153E+05,8.850914E+00,0.000000E+00,0.000000E+00,8.850914E+00,0.000000E+00,8.850914E+00,7.354133E+04,1.836327E+05,8.850914E+00,0.000000E+00,8.850914E+00,5.130654E+04,1.699411E+05,8.850914E+00,2.586153E+05,8.850914E+00,0.000000E+00,0.000000E+00
05:00:00,7.341052E+01,0.000000E+00,7.341052E+01,6.065303E+05,1.519557E+06,7.341052E+01,0.000000E+00,7.341052E+01,4.221123E+05,1.398384E+06,7.341052E+01,2.144986E+06,7.341052E+01,0.000000E+00,0.000000E+00,4.571445E+01,0.000000E+00,6.787983E+01,7.603405E+05,1.722629E+06,4.571445E+01,0.000000E+00,6.751278E+01,6.391614E+05,1.636586E+06,4.571445E+01,1.335733E+06,4.571445E+01,0.000000E+00,0.000000E+00,8.850914E+00,0.000000E+00,1.104470E+01,1.038175E+05,2.165360E+05,8.850914E+00,0.000000E+00,1.055932E+01,7.479238E+04,1.949618E+05,8.850914E+00,2.586153E+05,8.850914E+00,0.000000E+00,0.000000E+00,8.850914E+00,0.000000E+00,8.850914E+00,7.312776E+04,1.832090E+05,8.850914E+00,0.000000E+00,8.850914E+00,5.089297E+04,1.685995E+05,8.850914E+00,2.586153E+05,8.850914E+00,0.000000E+00,0.000000E+00
05:15:00,7.341052E+01,0.000000E+00,7.341052E+01,6.099605E+05,1.523071E+06,7.341052E+01,0.000000E+00,7.341052E+01,4.255425E+05,1.409512E+06,7.341052E+01,2.144986E+06,7.341052E+01,0.000000E+00,0.000000E+00,4.571445E+01,0.000000E+00,7.161616E+01,8.246251E+05,1.831130E+06,4.571445E+01,0.000000E+00,7.124517E+01,7.034109E+05,1.750283E+06,4.571445E+01,1.335733E+06,4.571445E+01,0.000000E+00,0.000000E+00,8.850914E+00,0.000000E+00,8.850914E+00,7.354133E+04,1.836327E+05,8.850914E+00,0.000000E+00,8.850914E+00,5.130654E+04,1.699411E+05,8.850914E+00,2.586153E+05,8.850914E+00,0.000000E+00,0.000000E+00,8.850914E+00,0.000000E+00,8.850914E+00,7.354133E+04,1.836327E+05,8.850914E+00,0.000000E+00,8.850914E+00,5.130654E+04,1.699411E+05,1.382966E+01,2.427811E+05,8.850914E+00,0.000000E+00,0.000000E+00
05:30:00,7.341052E+01,0.000000E+00,7.341052E+01,6.133906E+05,1.526586E+06,7.341052E+01,0.000000E+00,7.341052E+01,4.289726E+05,1.420660E+06,7.341052E+01,2.144986E+06,7.341052E+01,0.000000E+00,0.000000E+00,4.571445E+01,0.000000E+00,7.531402E+01,8.860168E+05,1.919156E+06,4.571445E+01,0.000000E+00,7.493741E+01,7.647596E+05,1.843531E+06,4.571445E+01,1.335733E+06,4.571445E+01,0.000000E+00,0.000000E+00,8.850914E+00,0.000000E+00,8.850914E+00,7.395490E+04,1.840564E+05,8.850914E+00,0.000000E+00,8.850914E+00,5.172011E+04,1.712852E+05,8.850914E+00,2.586153E+05,8.850914E+00,0.000000E+00,0.000000E+00,8.850914E+00,0.000000E+00,8.850914E+00,7.395490E+04,1.840564E+05,8.850914E+00,0.000000E+00,8.850914E+00,5.172011E+04,1.712852E+05,1.555276E+01,2.339318E+05,8.850914E+00,0.000000E+00,0.000000E+00
05:45:00,7.341052E+01,0.000000E+00,7.341052E+01,6.168208E+05,1.530101E+06,7.341052E+01,0.000000E+00,7.341052E+01,4.324028E+05,1.431829E+06,7.341052E+01,2.144986E+06,7.341052E+01,0.000000E+00,0.000000E+00,4.571445E+01,0.000000E+00,7.892291E+01,9.447488E+05,2.018381E+06,4.571445E+01,0.000000E+00,7.854061E+01,8.234505E+05,1.947812E+06,4.571445E+01,1.335733E+06,4.571445E+01,0.000000E+00,0.000000E+00,8.850914E+00,0.000000E+00,8.850914E+00,7.436847E+04,1.844803E+05,8.850914E+00,0.000000E+00,8.850914E+00,5.213367E+04,1.726318E+05,8.850914E+00,2.586153E+05,8.850914E+00,0.000000E+00,0.000000E+00,8.850914E+00,0.000000E+00,8.850914E+00,7.436847E+04,1.844803E+05,8.850914E+00,0.000000E+00,8.850914E+00,5.213367E+04,1.726318E+05,1.980127E+01,2.127853E+05,8.850914E+00,0.000000E+00,0.000000E+00
06:00:00,7.341052E+01,0.000000E+00,7.341052E+01,6.202510E+05,1.533615E+06,7.341052E+01,0.000000E+00,7.341052E+01,4.358330E+05,1.443019E+06,7.341052E+01,2.144986E+06,7.341052E+01,0.000000E+00,0.000000E+00,4.571445E+01,0.000000E+00,8.245701E+01,1.001136E+06,2.113842E+06,4.571445E+01,0.000000E+00,8.206885E+01,8.797961E+05,2.048300E+06,4.571445E+01,1.335733E+06,4.571445E+01,0.000000E+00,0.000000E+00,8.850914E+00,0.000000E+00,8.850914E+00,7.478203E+04,1.849040E+05,8.850914E+00,0.000000E+00,8.850914E+00,5.254724E+04,1.739810E+05,8.850914E+00,2.586153E+05,8.850914E+00,0.000000E+00,0.000000E+00,8.850914E+00,0.000000E+00,8.850914E+00,7.478203E+04,1.849040E+05,8.850914E+00,0.000000E+00,8.850914E+00,5.254724E+04,1.739810E+05,2.319489E+01,1.913934E+05,8.850914E+00,0.000000E+00,0.000000E+00
06:15:00,7.341052E+01,0.000000E+00,7.341052E+01,6.322566E+05,1.545917E+06,7.341052E+01,0.000000E+00,7.341052E+01,4.478386E+05,1.482351E+06,7.341052E+01,2.144986E+06,7.341052E+01,0.000000E+00,0.000000E+00,4.571445E+01,0.000000E+00,1.067847E+02,1.365216E+06,2.534815E+06,4.571445E+01,0.000000E+00,1.063611E+02,1.243632E+06,2.487949E+06,4.571445E+01,1.335733E+06,4.571445E+01,0.000000E+00,0.000000E+00,8.850914E+00,0.000000E+00,1.441274E+01,1.573477E+05,2.754699E+05,8.850914E+00,0.000000E+00,1.415258E+01,1.311390E+05,2.643953E+05,8.850914E+00,2.586153E+05,8.850914E+00,0.000000E+00,0.000000E+00,8.850914E+00,0.000000E+00,1.126369E+01,1.106992E+05,2.361823E+05,8.850914E+00,0.000000E+00,9.363288E+00,6.120841E+04,1.901283E+05,2.681812E+01,1.655836E+05,8.850914E+00,0.000000E+00,0.000000E+00
06:30:00,7.341052E+01,0.000000E+00,7.616497E+01,6.830096E+05,1.646640E+06,7.341052E+01,0.000000E+00,7.592937E+01,4.952775E+05,1.602694E+06,7.341052E+01,2.144986E+06,7.341052E+01,0.000000E+00,0.000000E+00,4.571445E+01,0.000000E+00,1.255040E+02,1.602481E+06,2.806062E+06,4.571445E+01,0.000000E+00,1.250399E+02,1.480648E+06,2.776427E+06,4.571445E+01,1.335733E+06,4.571445E+01,0.000000E+00,0.000000E+00,8.850914E+00,0.000000E+00,1.994790E+01,2.317872E+05,3.604688E+05,8.850914E+00,0.000000E+00,1.956643E+01,2.039899E+05,3.514427E+05,8.850914E+00,2.586153E+05,8.850914E+00,0.000000E+00,0.000000E+00,8.850914E+00,0.000000E+00,1.677130E+01,1.859141E+05,3.438888E+05,8.850914E+00,0.000000E+00,1.426312E+01,1.285703E+05,2.990479E+05,3.173686E+01,1.286136E+05,8.850914E+00,0.000000E+00,0.000000E+00
06:45:00,7.341052E+01,0.000000E+00,1.083740E+02,1.100717E+06,2.296672E+06,7.341052E+01,0.000000E+00,1.080718E+02,9.124591E+05,2.278322E+06,7.341052E+01,2.144986E+06,7.341052E+01,0.000000E+00,0.000000E+00,4.571445E+01,0.000000E+00,1.493752E+02,1.880914E+06,3.107511E+06,4.571445E+01,0.000000E+00,1.488740E+02,1.758949E+06,3.095574E+06,4.571445E+01,1.335733E+06,4.571445E+01,0.000000E+00,0.000000E+00,8.850914E+00,0.000000E+00,3.298034E+01,3.958128E+05,5.462240E+05,8.850914E+00,0.000000E+00,3.239359E+01,3.655534E+05,5.387389E+05,8.850914E+00,2.586153E+05,8.850914E+00,0.000000E+00,0.000000E+00,8.850914E+00,0.000000E+00,2.932649E+01,3.452494E+05,5.581164E+05,8.850914E+00,0.000000E+00,2.582010E+01,2.759449E+05,5.178967E+05,3.627164E+01,8.907972E+04,8.850914E+00,0.000000E+00,0.000000E+00
07:00:00,7.341052E+01,0.000000E+00,1.367496E+02,1.387737E+06,2.579165E+06,7.341052E+01,0.000000E+00,1.363840E+02,1.199172E+06,2.591220E+06,7.341052E+01,2.144986E+06,7.341052E+01,0.000000E+00,0.000000E+00,4.571445E+01,0.000000E+00,1.713015E+02,2.092689E+06,3.381957E+06,4.571445E+01,0.000000E+00,1.707636E+02,1.970660E+06,3.387454E+06,4.571445E+01,1.335733E+06,4.571445E+01,0.000000E+00,0.000000E+00,8.850914E+00,0.000000E+00,4.372572E+01,5.099789E+05,6.802857E+05,8.850914E+00,0.000000E+00,4.296040E+01,4.782722E+05,6.746222E+05,8.850914E+00,2.586153E+05,8.850914E+00,0.000000E+00,0.000000E+00,8.850914E+00,0.000000E+00,3.976298E+01,4.604980E+05,6.985695E+05,8.850914E+00,0.000000E+00,3.534589E+01,3.836042E+05,6.591987E+05,4.063479E+01,4.611718E+04,8.850914E+00,0.000000E+00,0.000000E+00
07:15:00,7.341052E+01,0.000000E+00,1.416619E+02,1.465644E+06,2.756362E+06,7.341052E+01,0.000000E+00,1.411942E+02,1.275973E+06,2.838195E+06,7.341052E+01,2.144986E+06,7.341052E+01,0.000000E+00,0.000000E+00,4.571445E+01,0.000000E+00,1.687318E+02,2.066668E+06,3.388001E+06,4.571445E+01,0.000000E+00,1.681905E+02,1.944639E+06,3.436592E+06,4.571445E+01,1.335733E+06,4.571445E+01,0.000000E+00,0.000000E+00,8.850914E+00,0.000000E+00,4.653225E+01,5.409686E+05,7.117539E+05,8.850914E+00,0.000000E+00,4.582091E+01,5.101037E+05,7.152943E+05,8.850914E+00,2.586153E+05,8.850914E+00,0.000000E+00,0.000000E+00,8.850914E+00,0.000000E+00,4.570228E+01,5.308182E+05,7.668850E+05,8.850914E+00,0.000000E+00,4.219131E+01,4.659860E+05,7.531138E+05,4.448611E+01,4.726402E+03,8.850914E+00,0.000000E+00,0.000000E+00
07:30:00,7.341052E+01,0.000000E+00,1.478936E+02,1.564893E+06,2.925012E+06,7.341052E+01,0.000000E+00,1.474436E+02,1.375421E+06,3.077537E+06,7.341052E+01,2.144986E+06,7.341052E+01,0.000000E+00,0.000000E+00,4.571445E+01,0.000000E+00,1.713240E+02,2.118970E+06,3.472628E+06,4.571445E+01,0.000000E+00,1.707868E+02,1.996997E+06,3.565596E+06,4.571445E+01,1.335733E+06,4.571445E+01,0.000000E+00,0.000000E+00,8.850914E+00,0.000000E+00,5.537002E+01,6.399550E+05,8.171990E+05,8.850914E+00,0.000000E+00,5.457732E+01,6.083009E+05,8.288681E+05,8.850914E+00,2.586153E+05,8.850914E+00,0.000000E+00,0.000000E+00,8.850914E+00,0.000000E+00,5.464912E+01,6.312763E+05,8.765617E+05,8.850914E+00,0.000000E+00,5.076563E+01,5.628889E+05,8.711259E+05,4.859282E+01,0.000000E+00,8.850914E+00,0.000000E+00,0.000000E+00
07:45:00,7.341052E+01,0.000000E+00,1.427435E+02,1.536405E+06,2.869501E+06,7.341052E+01,0.000000E+00,1.422990E+02,1.346989E+06,3.093533E+06,7.341052E+01,2.144986E+06,7.341052E+01,0.000000E+00,0.000000E+00,4.571445E+01,0.000000E+00,1.683811E+02,2.098102E+06,3.435923E+06,4.571445E+01,0.000000E+00,1.678453E+02,1.976147E+06,3.573999E+06,4.571445E+01,1.335733E+06,4.571445E+01,0.000000E+00,0.000000E+00,8.850914E+00,0.000000E+00,5.818875E+01,6.645364E+05,8.407462E+05,8.850914E+00,0.000000E+00,5.740656E+01,6.332031E+05,8.618093E+05,9.253061E+00,2.555465E+05,8.850914E+00,0.000000E+00,0.000000E+00,8.850914E+00,0.000000E+00,5.813302E+01,6.637657E+05,9.115142E+05,8.850914E+00,0.000000E+00,5.430535E+01,5.969962E+05,9.206700E+05,5.181039E+01,0.000000E+00,8.850914E+00,0.000000E+00,0.000000E+00
08:00:00,7.341052E+01,0.000000E+00,1.411519E+02,1.547844E+06,2.885616E+06,7.341052E+01,0.000000E+00,1.407114E+02,1.358467E+06,3.183488E+06,7.341052E+01,2.144986E+06,7.341052E+01,0.000000E+00,0.000000E+00,4.571445E+01,0.000000E+00,1.670597E+02,2.098768E+06,3.437879E+06,4.571445E+01,0.000000E+00,1.665254E+02,1.976832E+06,3.622324E+06,4.571445E+01,1.335733E+06,4.571445E+01,0.000000E+00,0.000000E+00,8.850914E+00,0.000000E+00,6.261835E+01,7.060291E+05,8.828053E+05,8.850914E+00,0.000000E+00,6.182132E+01,6.747232E+05,9.133825E+05,1.146034E+01,2.377854E+05,8.850914E+00,0.000000E+00,0.000000E+00,8.850914E+00,0.000000E+00,6.315037E+01,7.119692E+05,9.607600E+05,8.850914E+00,0.000000E+00,5.930027E+01,6.459030E+05,9.848660E+05,5.513109E+01,0.000000E+00,8.850914E+00,0.000000E+00,0.000000E+00
08:15:00,7.341052E+01,0.000000E+00,1.400087E+02,1.567460E+06,2.905314E+06,7.341052E+01,0.000000E+00,1.395705E+02,1.378108E+06,3.287772E+06,7.341052E+01,2.144986E+06,7.341052E+01,0.000000E+00,0.000000E+00,4.571445E+01,0.000000E+00,1.660507E+02,2.105491E+06,3.444608E+06,4.571445E+01,0.000000E+00,1.655178E+02,1.983573E+06,3.682051E+06,4.571445E+01,1.335733E+06,4.571445E+01,0.000000E+00,0.000000E+00,8.850914E+00,0.000000E+00,6.035450E+01,6.792938E+05,8.518289E+05,8.850914E+00,0.000000E+00,5.957237E+01,6.482363E+05,8.931262E+05,1.059182E+01,2.442340E+05,8.850914E+00,0.000000E+00,0.000000E+00,8.850914E+00,0.000000E+00,6.127521E+01,6.895816E+05,9.285801E+05,8.850914E+00,0.000000E+00,5.750048E+01,6.247533E+05,9.663079E+05,5.218769E+01,0.000000E+00,8.850914E+00,0.000000E+00,0.000000E+00
08:30:00,7.341052E+01,0.000000E+00,1.390616E+02,1.589233E+06,2.924618E+06,7.341052E+01,0.000000E+00,1.386255E+02,1.399904E+06,3.393687E+06,7.341052E+01,2.144986E+06,7.341052E+01,0.000000E+00,0.000000E+00,4.571445E+01,0.000000E+00,1.651607E+02,2.113688E+06,3.451400E+06,4.571445E+01,0.000000E+00,1.646289E+02,1.991784E+06,3.743199E+06,4.571445E+01,1.335733E+06,4.571445E+01,0.000000E+00,0.000000E+00,8.850914E+00,0.000000E+00,6.078107E+01,6.880163E+05,8.614480E+05,8.850914E+00,0.000000E+00,5.999350E+01,6.568976E+05,9.137109E+05,1.237659E+01,2.294917E+05,8.850914E+00,0.000000E+00,0.000000E+00,8.850914E+00,0.000000E+00,6.209286E+01,7.027078E+05,9.429428E+05,8.850914E+00,0.000000E+00,5.837210E+01,6.384850E+05,9.979908E+05,5.215484E+01,0.000000E+00,8.850914E+00,0.000000E+00,0.000000E+00
08:45:00,7.341052E+01,0.000000E+00,1.382727E+02,1.612885E+06,2.945906E+06,7.341052E+01,0.000000E+00,1.378382E+02,1.423575E+06,3.503702E+06,7.341052E+01,2.144986E+06,7.341052E+01,0.000000E+00,0.000000E+00,4.571445E+01,0.000000E+00,1.643978E+02,2.123772E+06,3.460173E+06,4.571445E+01,0.000000E+00,1.638673E+02,2.001884E+06,3.807738E+06,4.571445E+01,1.335733E+06,4.571445E+01,0.000000E+00,0.000000E+00,8.850914E+00,0.000000E+00,5.957459E+01,6.783419E+05,8.510944E+05,8.850914E+00,0.000000E+00,5.878738E+01,6.472267E+05,9.146099E+05,1.126537E+01,2.386713E+05,8.850914E+00,0.000000E+00,0.000000E+00,8.850914E+00,0.000000E+00,6.128220E+01,6.974993E+05,9.362714E+05,8.850914E+00,0.000000E+00,5.759986E+01,6.337058E+05,1.008278E+06,5.056274E+01,0.000000E+00,8.850914E+00,0.000000E+00,0.000000E+00
09:00:00,7.341052E+01,0.000000E+00,1.375546E+02,1.637363E+06,2.968521E+06,7.341052E+01,0.000000E+00,1.371215E+02,1.448068E+06,3.541671E+06,7.341052E+01,2.144986E+06,7.341052E+01,0.000000E+00,0.000000E+00,4.571445E+01,0.000000E+00,1.636950E+02,2.134709E+06,3.470043E+06,4.571445E+01,0.000000E+00,1.631656E+02,2.012834E+06,3.827643E+06,4.571445E+01,1.335733E+06,4.571445E+01,0.000000E+00,0.000000E+00,8.850914E+00,0.000000E+00,5.891278E+01,6.748113E+05,8.474340E+05,8.850914E+00,0.000000E+00,5.812977E+01,6.437430E+05,9.134768E+05,1.110087E+01,2.400295E+05,8.850914E+00,0.000000E+00,0.000000E+00,8.850914E+00,0.000000E+00,6.104541E+01,6.987658E+05,9.374183E+05,8.850914E+00,0.000000E+00,5.740491E+01,6.354389E+05,1.018620E+06,4.961378E+01,0.000000E+00,8.850914E+00,0.000000E+00,0.000000E+00
09:15:00,7.341052E+01,0.000000E+00,1.368878E+02,1.659002E+06,2.988556E+06,7.341052E+01,0.000000E+00,1.364559E+02,1.469719E+06,3.561825E+06,7.341052E+01,2.144986E+06,7.341052E+01,0.000000E+00,0.000000E+00,4.571445E+01,0.000000E+00,1.630417E+02,2.144186E+06,3.478607E+06,4.571445E+01,0.000000E+00,1.625133E+02,2.022323E+06,3.836517E+06,4.571445E+01,1.335733E+06,4.571445E+01,0.000000E+00,0.000000E+00,8.850914E+00,0.000000E+00,5.834708E+01,6.719491E+05,8.444061E+05,8.850914E+00,0.000000E+00,5.756780E+01,6.409221E+05,9.109715E+05,1.092314E+01,2.414972E+05,8.850914E+00,0.000000E+00,0.000000E+00,8.850914E+00,0.000000E+00,6.092993E+01,7.009821E+05,9.394963E+05,8.850914E+00,0.000000E+00,5.732528E+01,6.380522E+05,1.026275E+06,4.879799E+01,0.000000E+00,8.850914E+00,0.000000E+00,0.000000E+00
09:30:00,7.341052E+01,0.000000E+00,1.362512E+02,1.680987E+06,3.009004E+06,7.341052E+01,0.000000E+00,1.358202E+02,1.491715E+06,3.582394E+06,7.341052E+01,2.144986E+06,7.341052E+01,0.000000E+00,0.000000E+00,4.571445E+01,0.000000E+00,1.624223E+02,2.154121E+06,3.487696E+06,4.571445E+01,0.000000E+00,1.618947E+02,2.032267E+06,3.845696E+06,4.571445E+01,1.335733E+06,4.571445E+01,0.000000E+00,0.000000E+00,8.850914E+00,0.000000E+00,5.781642E+01,6.694811E+05,8.417493E+05,8.850914E+00,0.000000E+00,5.705906E+01,6.387006E+05,9.088405E+05,1.077131E+01,2.427512E+05,8.850914E+00,0.000000E+00,0.000000E+00,8.850914E+00,0.000000E+00,6.087261E+01,7.038516E+05,9.422028E+05,8.850914E+00,0.000000E+00,5.731868E+01,6.414858E+05,1.032305E+06,4.806787E+01,0.000000E+00,8.850914E+00,0.000000E+00,0.000000E+00
09:45:00,7.341052E+01,0.000000E+00,1.356307E+02,1.703155E+06,3.029616E+06,7.341052E+01,0.000000E+00,1.352004E+02,1.513890E+06,3.603121E+06,7.341052E+01,2.144986E+06,7.341052E+01,0.000000E+00,0.000000E+00,4.571445E+01,0.000000E+00,1.618246E+02,2.164346E+06,3.497092E+06,4.571445E+01,0.000000E+00,1.612977E+02,2.042500E+06,3.855102E+06,4.571445E+01,1.335733E+06,4.571445E+01,0.000000E+00,0.000000E+00,8.850914E+00,0.000000E+00,5.733784E+01,6.676000E+05,8.397343E+05,8.850914E+00,0.000000E+00,5.658984E+01,6.369244E+05,9.070365E+05,1.063814E+01,2.438511E+05,8.850914E+00,0.000000E+00,0.000000E+00,8.850914E+00,0.000000E+00,6.088274E+01,7.074809E+05,9.457958E+05,8.850914E+00,0.000000E+00,5.736398E+01,6.455042E+05,1.037307E+06,4.740552E+01,0.000000E+00,8.850914E+00,0.000000E+00,0.000000E+00
10:00:00,7.341052E+01,0.000000E+00,1.350165E+02,1.725394E+06,3.050280E+06,7.341052E+01,0.000000E+00,1.345868E+02,1.536136E+06,3.623897E+06,7.341052E+01,2.144986E+06,7.341052E+01,0.000000E+00,0.000000E+00,4.571445E+01,0.000000E+00,1.612398E+02,2.174742E+06,3.506673E+06,4.571445E+01,0.000000E+00,1.607135E+02,2.052903E+06,3.864697E+06,4.571445E+01,1.335733E+06,4.571445E+01,0.000000E+00,0.000000E+00,8.850914E+00,0.000000E+00,5.687491E+01,6.658955E+05,8.379043E+05,8.850914E+00,0.000000E+00,5.613216E+01,6.352786E+05,9.052880E+05,1.051780E+01,2.448450E+05,8.850914E+00,0.000000E+00,0.000000E+00,8.850914E+00,0.000000E+00,6.091667E+01,7.113785E+05,9.496799E+05,8.850914E+00,0.000000E+00,5.742685E+01,6.497223E+05,1.041735E+06,4.679642E+01,0.000000E+00,8.850914E+00,0.000000E+00,0.000000E+00
10:15:00,7.341052E+01,0.000000E+00,1.344016E+02,1.744196E+06,3.067410E+06,7.341052E+01,0.000000E+00,1.339726E+02,1.554946E+06,3.641127E+06,7.341052E+01,2.144986E+06,7.341052E+01,0.000000E+00,0.000000E+00,4.571445E+01,0.000000E+00,1.606610E+02,2.183083E+06,3.514159E+06,4.571445E+01,0.000000E+00,1.601354E+02,2.061253E+06,3.872209E+06,4.571445E+01,1.335733E+06,4.571445E+01,0.000000E+00,0.000000E+00,8.850914E+00,0.000000E+00,5.641174E+01,6.637747E+05,8.356480E+05,8.850914E+00,0.000000E+00,5.567364E+01,6.332100E+05,9.030797E+05,1.040679E+01,2.457620E+05,8.850914E+00,0.000000E+00,0.000000E+00,8.850914E+00,0.000000E+00,6.095264E+01,7.148855E+05,9.531583E+05,8.850914E+00,0.000000E+00,5.748954E+01,6.535271E+05,1.045518E+06,4.623046E+01,0.000000E+00,8.850914E+00,0.000000E+00,0.000000E+00
10:30:00,7.341052E+01,0.000000E+00,1.337822E+02,1.762947E+06,3.084462E+06,7.341052E+01,0.000000E+00,1.333540E+02,1.573707E+06,3.658282E+06,7.341052E+01,2.144986E+06,7.341052E+01,0.000000E+00,0.000000E+00,4.571445E+01,0.000000E+00,1.600840E+02,2.191448E+06,3.521678E+06,4.571445E+01,0.000000E+00,1.595591E+02,2.069628E+06,3.879759E+06,4.571445E+01,1.335733E+06,4.571445E+01,0.000000E+00,0.000000E+00,8.850914E+00,0.000000E+00,5.594265E+01,6.615873E+05,8.333282E+05,8.850914E+00,0.000000E+00,5.520889E+01,6.310714E+05,9.007996E+05,1.030285E+01,2.466206E+05,8.850914E+00,0.000000E+00,0.000000E+00,8.850914E+00,0.000000E+00,6.097988E+01,7.182943E+05,9.565552E+05,8.850914E+00,0.000000E+00,5.754176E+01,6.572157E+05,1.049202E+06,4.570067E+01,0.000000E+00,8.850914E+00,0.000000E+00,0.000000E+00
10:45:00,7.341052E+01,0.000000E+00,1.331574E+02,1.781637E+06,3.101426E+06,7.341052E+01,0.000000E+00,1.327302E+02,1.592408E+06,3.675351E+06,7.341052E+01,2.144986E+06,7.341052E+01,0.000000E+00,0.000000E+00,4.571445E+01,0.000000E+00,1.595071E+02,2.199815E+06,3.529204E+06,4.571445E+01,0.000000E+00,1.589830E+02,2.078005E+06,3.887314E+06,4.571445E+01,1.335733E+06,4.571445E+01,0.000000E+00,0.000000E+00,8.850914E+00,0.000000E+00,5.544744E+01,6.591053E+05,8.306953E+05,8.850914E+00,0.000000E+00,5.471794E+01,6.286374E+05,8.982027E+05,1.020400E+01,2.474372E+05,8.850914E+00,0.000000E+00,0.000000E+00,8.850914E+00,0.000000E+00,6.097345E+01,7.213236E+05,9.595435E+05,8.850914E+00,0.000000E+00,5.755902E+01,6.605115E+05,1.052455E+06,4.519968E+01,0.000000E+00,8.850914E+00,0.000000E+00,0.000000E+00
11:00:00,7.341052E+01,0.000000E+00,1.325285E+02,1.800282E+06,3.118309E+06,7.341052E+01,0.000000E+00,1.321024E+02,1.611065E+06,3.692344E+06,7.341052E+01,2.144986E+06,7.341052E+01,0.000000E+00,0.000000E+00,4.571445E+01,0.000000E+00,1.589304E+02,2.208185E+06,3.536730E+06,4.571445E+01,0.000000E+00,1.584073E+02,2.086388E+06,3.894869E+06,4.571445E+01,1.335733E+06,4.571445E+01,0.000000E+00,0.000000E+00,8.850914E+00,0.000000E+00,5.493874E+01,6.564713E+05,8.279052E+05,8.850914E+00,0.000000E+00,5.421348E+01,6.260513E+05,8.954469E+05,1.010937E+01,2.482188E+05,8.850914E+00,0.000000E+00,0.000000E+00,8.850914E+00,0.000000E+00,6.094218E+01,7.240729E+05,9.622347E+05,8.850914E+00,0.000000E+00,5.755031E+01,6.635150E+05,1.055377E+06,4.472466E+01,0.000000E+00,8.850914E+00,0.000000E+00,0.000000E+00
11:15:00,7.341052E+01,0.000000E+00,1.318987E+02,1.810341E+06,3.126387E+06,7.341052E+01,0.000000E+00,1.314739E+02,1.621140E+06,3.700497E+06,7.341052E+01,2.144986E+06,7.341052E+01,0.000000E+00,0.000000E+00,4.571445E+01,0.000000E+00,1.583552E+02,2.211234E+06,3.538805E+06,4.571445E+01,0.000000E+00,1.578330E+02,2.089450E+06,3.896961E+06,4.571445E+01,1.335733E+06,4.571445E+01,0.000000E+00,0.000000E+00,8.850914E+00,0.000000E+00,5.442220E+01,6.527149E+05,8.239710E+05,8.850914E+00,0.000000E+00,5.370121E+01,6.223432E+05,8.915439E+05,1.001836E+01,2.489706E+05,8.850914E+00,0.000000E+00,0.000000E+00,8.850914E+00,0.000000E+00,6.087635E+01,7.253986E+05,9.634282E+05,8.850914E+00,0.000000E+00,5.750586E+01,6.650819E+05,1.056735E+06,4.427324E+01,0.000000E+00,8.850914E+00,0.000000E+00,0.000000E+00
11:30:00,7.341052E+01,0.000000E+00,1.312751E+02,1.820470E+06,3.134546E+06,7.341052E+01,0.000000E+00,1.308518E+02,1.631285E+06,3.708736E+06,7.341052E+01,2.144986E+06,7.341052E+01,0.000000E+00,0.000000E+00,4.571445E+01,0.000000E+00,1.577869E+02,2.214374E+06,3.540999E+06,4.571445E+01,0.000000E+00,1.572659E+02,2.092606E+06,3.899177E+06,4.571445E+01,1.335733E+06,4.571445E+01,0.000000E+00,0.000000E+00,8.850914E+00,0.000000E+00,5.390509E+01,6.489521E+05,8.200349E+05,8.850914E+00,0.000000E+00,5.318841E+01,6.186291E+05,8.876395E+05,9.930456E+00,2.496968E+05,8.850914E+00,0.000000E+00,0.000000E+00,8.850914E+00,0.000000E+00,6.077981E+01,7.263782E+05,9.642790E+05,8.850914E+00,0.000000E+00,5.742964E+01,6.662907E+05,1.057728E+06,4.384302E+01,0.000000E+00,8.850914E+00,0.000000E+00,0.000000E+00
11:45:00,7.341052E+01,0.000000E+00,1.306674E+02,1.830777E+06,3.142935E+06,7.341052E+01,0.000000E+00,1.302458E+02,1.641612E+06,3.717207E+06,7.341052E+01,2.144986E+06,7.341052E+01,0.000000E+00,0.000000E+00,4.571445E+01,0.000000E+00,1.572332E+02,2.217710E+06,3.543425E+06,4.571445E+01,0.000000E+00,1.567135E+02,2.095957E+06,3.901628E+06,4.571445E+01,1.335733E+06,4.571445E+01,0.000000E+00,0.000000E+00,8.850914E+00,0.000000E+00,5.339707E+01,6.452918E+05,8.162120E+05,8.850914E+00,0.000000E+00,5.268477E+01,6.150182E+05,8.838502E+05,9.845263E+00,2.504006E+05,8.850914E+00,0.000000E+00,0.000000E+00,8.850914E+00,0.000000E+00,6.065954E+01,7.270902E+05,9.648787E+05,8.850914E+00,0.000000E+00,5.732865E+01,6.672204E+05,1.058465E+06,4.343207E+01,0.000000E+00,8.850914E+00,0.000000E+00,0.000000E+00
12:00:00,7.341052E+01,0.000000E+00,1.300931E+02,1.841461E+06,3.151829E+06,7.341052E+01,0.000000E+00,1.296731E+02,1.652315E+06,3.726185E+06,7.341052E+01,2.144986E+06,7.341052E+01,0.000000E+00,0.000000E+00,4.571445E+01,0.000000E+00,1.567085E+02,2.221428E+06,3.546305E+06,4.571445E+01,0.000000E+00,1.561899E+02,2.099692E+06,3.904533E+06,4.571445E+01,1.335733E+06,4.571445E+01,0.000000E+00,0.000000E+00,8.850914E+00,0.000000E+00,5.291463E+01,6.419199E+05,8.126996E+05,8.850914E+00,0.000000E+00,5.220648E+01,6.116932E+05,8.803713E+05,9.762503E+00,2.510843E+05,8.850914E+00,0.000000E+00,0.000000E+00,8.850914E+00,0.000000E+00,6.053004E+01,7.276983E+05,9.653864E+05,8.850914E+00,0.000000E+00,5.721725E+01,6.680327E+05,1.059103E+06,4.303876E+01,0.000000E+00,8.850914E+00,0.000000E+00,0.000000E+00
12:15:00,7.341052E+01,0.000000E+00,1.295813E+02,1.849419E+06,3.158175E+06,7.341052E+01,0.000000E+00,1.291627E+02,1.660287E+06,3.732595E+06,7.341052E+01,2.144986E+06,7.341052E+01,0.000000E+00,0.000000E+00,4.571445E+01,0.000000E+00,1.562361E+02,2.223705E+06,3.547821E+06,4.571445E+01,0.000000E+00,1.557186E+02,2.101982E+06,3.906068E+06,4.571445E+01,1.335733E+06,4.571445E+01,0.000000E+00,0.000000E+00,8.850914E+00,0.000000E+00,5.248575E+01,6.387384E+05,8.094126E+05,8.850914E+00,0.000000E+00,5.178125E+01,6.085529E+05,8.771156E+05,9.681968E+00,2.517496E+05,8.850914E+00,0.000000E+00,0.000000E+00,8.850914E+00,0.000000E+00,6.042870E+01,7.282102E+05,9.658388E+05,8.850914E+00,0.000000E+00,5.713260E+01,6.687330E+05,1.059700E+06,4.266173E+01,0.000000E+00,8.850914E+00,0.000000E+00,0.000000E+00
12:30:00,7.341052E+01,0.000000E+00,1.291511E+02,1.858295E+06,3.165715E+06,7.341052E+01,0.000000E+00,1.287331E+02,1.669169E+06,3.740193E+06,7.341052E+01,2.144986E+06,7.341052E+01,0.000000E+00,0.000000E+00,4.571445E+01,0.000000E+00,1.558315E+02,2.226879E+06,3.550329E+06,4.571445E+01,0.000000E+00,1.553144E+02,2.105163E+06,3.908589E+06,4.571445E+01,1.335733E+06,4.571445E+01,0.000000E+00,0.000000E+00,8.850914E+00,0.000000E+00,5.212824E+01,6.363615E+05,8.069719E+05,8.850914E+00,0.000000E+00,5.142662E+01,6.062085E+05,8.747020E+05,9.603500E+00,2.523979E+05,8.850914E+00,0.000000E+00,0.000000E+00,8.850914E+00,0.000000E+00,6.037405E+01,7.292482E+05,9.668747E+05,8.850914E+00,0.000000E+00,5.709306E+01,6.699415E+05,1.060897E+06,4.229982E+01,0.000000E+00,8.850914E+00,0.000000E+00,0.000000E+00
12:45:00,7.341052E+01,0.000000E+00,1.288090E+02,1.868161E+06,3.174534E+06,7.341052E+01,0.000000E+00,1.283909E+02,1.679036E+06,3.749065E+06,7.341052E+01,2.144986E+06,7.341052E+01,0.000000E+00,0.000000E+00,4.571445E+01,0.000000E+00,1.554998E+02,2.231021E+06,3.553892E+06,4.571445E+01,0.000000E+00,1.549828E+02,2.109306E+06,3.912162E+06,4.571445E+01,1.335733E+06,4.571445E+01,0.000000E+00,0.000000E+00,8.850914E+00,0.000000E+00,5.184862E+01,6.348627E+05,8.054435E+05,8.850914E+00,0.000000E+00,5.114911E+01,6.047335E+05,8.731951E+05,9.526981E+00,2.530300E+05,8.850914E+00,0.000000E+00,0.000000E+00,8.850914E+00,0.000000E+00,6.037371E+01,7.308986E+05,9.685663E+05,8.850914E+00,0.000000E+00,5.710629E+01,6.717447E+05,1.062760E+06,4.195203E+01,0.000000E+00,8.850914E+00,0.000000E+00,0.000000E+00
13:00:00,7.341052E+01,0.000000E+00,1.285477E+02,1.878938E+06,3.184569E+06,7.341052E+01,0.000000E+00,1.281291E+02,1.689806E+06,3.759146E+06,7.341052E+01,2.144986E+06,7.341052E+01,0.000000E+00,0.000000E+00,4.571445E+01,0.000000E+00,1.552354E+02,2.236056E+06,3.558481E+06,4.571445E+01,0.000000E+00,1.547182E+02,2.114337E+06,3.916758E+06,4.571445E+01,1.335733E+06,4.571445E+01,0.000000E+00,0.000000E+00,8.850914E+00,0.000000E+00,5.164091E+01,6.341747E+05,8.047530E+05,8.850914E+00,0.000000E+00,5.094295E+01,6.040631E+05,8.725224E+05,9.452316E+00,2.536469E+05,8.850914E+00,0.000000E+00,0.000000E+00,8.850914E+00,0.000000E+00,6.042246E+01,7.331022E+05,9.708372E+05,8.850914E+00,0.000000E+00,5.716729E+01,6.740862E+05,1.065201E+06,4.161748E+01,0.000000E+00,8.850914E+00,0.000000E+00,0.000000E+00
13:15:00,7.341052E+01,0.000000E+00,1.283439E+02,1.885217E+06,3.190213E+06,7.341052E+01,0.000000E+00,1.279245E+02,1.696077E+06,3.764812E+06,7.341052E+01,2.144986E+06,7.341052E+01,0.000000E+00,0.000000E+00,4.571445E+01,0.000000E+00,1.550206E+02,2.238544E+06,3.560570E+06,4.571445E+01,0.000000E+00,1.545029E+02,2.116819E+06,3.918845E+06,4.571445E+01,1.335733E+06,4.571445E+01,0.000000E+00,0.000000E+00,8.850914E+00,0.000000E+00,5.148414E+01,6.334408E+05,8.040155E+05,8.850914E+00,0.000000E+00,5.078751E+01,6.033441E+05,8.717997E+05,9.379432E+00,2.542490E+05,8.850914E+00,0.000000E+00,0.000000E+00,8.850914E+00,0.000000E+00,6.049751E+01,7.349818E+05,9.727606E+05,8.850914E+00,0.000000E+00,5.725370E+01,6.760937E+05,1.067273E+06,4.129538E+01,0.000000E+00,8.850914E+00,0.000000E+00,0.000000E+00
13:30:00,7.341052E+01,0.000000E+00,1.281781E+02,1.891925E+06,3.196445E+06,7.341052E+01,0.000000E+00,1.277582E+02,1.702778E+06,3.771068E+06,7.341052E+01,2.144986E+06,7.341052E+01,0.000000E+00,0.000000E+00,4.571445E+01,0.000000E+00,1.548402E+02,2.241488E+06,3.563212E+06,4.571445E+01,0.000000E+00,1.543221E+02,2.119759E+06,3.921487E+06,4.571445E+01,1.335733E+06,4.571445E+01,0.000000E+00,0.000000E+00,8.850914E+00,0.000000E+00,5.136092E+01,6.330851E+05,8.036593E+05,8.850914E+00,0.000000E+00,5.066561E+01,6.030034E+05,8.714585E+05,9.308263E+00,2.548369E+05,8.850914E+00,0.000000E+00,0.000000E+00,8.850914E+00,0.000000E+00,6.058074E+01,7.369539E+05,9.747805E+05,8.850914E+00,0.000000E+00,5.734768E+01,6.781867E+05,1.069434E+06,4.098505E+01,0.000000E+00,8.850914E+00,0.000000E+00,0.000000E+00
13:45:00,7.341052E+01,0.000000E+00,1.280989E+02,1.899607E+06,3.204176E+06,7.341052E+01,0.000000E+00,1.276176E+02,1.709770E+06,3.777725E+06,7.341052E+01,2.144986E+06,7.341052E+01,0.000000E+00,0.000000E+00,4.571445E+01,0.000000E+00,1.546845E+02,2.244762E+06,3.566251E+06,4.571445E+01,0.000000E+00,1.541662E+02,2.123030E+06,3.924528E+06,4.571445E+01,1.335733E+06,4.571445E+01,0.000000E+00,0.000000E+00,8.850914E+00,0.000000E+00,5.125977E+01,6.329784E+05,8.035528E+05,8.850914E+00,0.000000E+00,5.056587E+01,6.029125E+05,8.713678E+05,9.238757E+00,2.554112E+05,8.850914E+00,0.000000E+00,0.000000E+00,8.850914E+00,0.000000E+00,6.065980E+01,7.388789E+05,9.767552E+05,8.850914E+00,0.000000E+00,5.743696E+01,6.802268E+05,1.071544E+06,4.068585E+01,0.000000E+00,8.850914E+00,0.000000E+00,0.000000E+00
14:00:00,7.341052E+01,0.000000E+00,1.280577E+02,1.907717E+06,3.212216E+06,7.341052E+01,0.000000E+00,1.275541E+02,1.717628E+06,3.785730E+06,7.341052E+01,2.144986E+06,7.341052E+01,0.000000E+00,0.000000E+00,4.571445E+01,0.000000E+00,1.545461E+02,2.248265E+06,3.569556E+06,4.571445E+01,0.000000E+00,1.540277E+02,2.126531E+06,3.927837E+06,4.571445E+01,1.335733E+06,4.571445E+01,0.000000E+00,0.000000E+00,8.850914E+00,0.000000E+00,5.117172E+01,6.330193E+05,8.035912E+05,8.850914E+00,0.000000E+00,5.047936E+01,6.029708E+05,8.714233E+05,9.170863E+00,2.559721E+05,8.850914E+00,0.000000E+00,0.000000E+00,8.850914E+00,0.000000E+00,6.072494E+01,7.406471E+05,9.785544E+05,8.850914E+00,0.000000E+00,5.751186E+01,6.821048E+05,1.073462E+06,4.039722E+01,0.000000E+00,8.850914E+00,0.000000E+00,0.000000E+00
14:15:00,7.341052E+01,0.000000E+00,1.280321E+02,1.907428E+06,3.211670E+06,7.341052E+01,0.000000E+00,1.275201E+02,1.717244E+06,3.785102E+06,7.341052E+01,2.144986E+06,7.341052E+01,0.000000E+00,0.000000E+00,4.571445E+01,0.000000E+00,1.544174E+02,2.246556E+06,3.567539E+06,4.571445E+01,0.000000E+00,1.538989E+02,2.124822E+06,3.925815E+06,4.571445E+01,1.335733E+06,4.571445E+01,0.000000E+00,0.000000E+00,8.850914E+00,0.000000E+00,5.108811E+01,6.320765E+05,8.026199E+05,8.850914E+00,0.000000E+00,5.039731E+01,6.020456E+05,8.704664E+05,9.104539E+00,2.565200E+05,8.850914E+00,0.000000E+00,0.000000E+00,8.850914E+00,0.000000E+00,6.075849E+01,7.410253E+05,9.788830E+05,8.850914E+00,0.000000E+00,5.755459E+01,6.825865E+05,1.073863E+06,4.011862E+01,4.354990E+02,8.850914E+00,0.000000E+00,0.000000E+00
14:30:00,7.341052E+01,0.000000E+00,1.280134E+02,1.907216E+06,3.211404E+06,7.341052E+01,0.000000E+00,1.274956E+02,1.716968E+06,3.784577E+06,7.341052E+01,2.144986E+06,7.341052E+01,0.000000E+00,0.000000E+00,4.571445E+01,0.000000E+00,1.542928E+02,2.244903E+06,3.565604E+06,4.571445E+01,0.000000E+00,1.537744E+02,2.123170E+06,3.923876E+06,4.571445E+01,1.335733E+06,4.571445E+01,0.000000E+00,0.000000E+00,8.850914E+00,0.000000E+00,5.100290E+01,6.311157E+05,8.016250E+05,8.850914E+00,0.000000E+00,5.031373E+01,6.011032E+05,8.694868E+05,9.039743E+00,2.570553E+05,8.850914E+00,0.000000E+00,0.000000E+00,8.850914E+00,0.000000E+00,6.075281E+01,7.409615E+05,9.787544E+05,8.850914E+00,0.000000E+00,5.755758E+01,6.826204E+05,1.073793E+06,3.984958E+01,2.657130E+03,8.850914E+00,0.000000E+00,0.000000E+00
14:45:00,7.341052E+01,0.000000E+00,1.279346E+02,1.906329E+06,3.210213E+06,7.341052E+01,0.000000E+00,1.274736E+02,1.716719E+06,3.784265E+06,7.341052E+01,2.144986E+06,7.341052E+01,0.000000E+00,0.000000E+00,4.571445E+01,0.000000E+00,1.541682E+02,2.243250E+06,3.563680E+06,4.571445E+01,0.000000E+00,1.536500E+02,2.121518E+06,3.921951E+06,4.571445E+01,1.335733E+06,4.571445E+01,0.000000E+00,0.000000E+00,8.850914E+00,0.000000E+00,5.091178E+01,6.300883E+05,8.005584E+05,8.850914E+00,0.000000E+00,5.022434E+01,6.000952E+05,8.684365E+05,8.976434E+00,2.575784E+05,8.850914E+00,0.000000E+00,0.000000E+00,8.850914E+00,0.000000E+00,6.070196E+01,7.403883E+05,9.781036E+05,8.850914E+00,0.000000E+00,5.751487E+01,6.821391E+05,1.073190E+06,3.958966E+01,4.803489E+03,8.850914E+00,0.000000E+00,0.000000E+00
15:00:00,7.341052E+01,0.000000E+00,1.278308E+02,1.905160E+06,3.208645E+06,7.341052E+01,0.000000E+00,1.273885E+02,1.715762E+06,3.782975E+06,7.341052E+01,2.144986E+06,7.341052E+01,0.000000E+00,0.000000E+00,4.571445E+01,0.000000E+00,1.541020E+02,2.242371E+06,3.562942E+06,4.571445E+01,0.000000E+00,1.535222E+02,2.119824E+06,3.919971E+06,4.571445E+01,1.335733E+06,4.571445E+01,0.000000E+00,0.000000E+00,8.850914E+00,0.000000E+00,5.081180E+01,6.289609E+05,7.993852E+05,8.850914E+00,0.000000E+00,5.012608E+01,5.989873E+05,8.672791E+05,8.914577E+00,2.580894E+05,8.850914E+00,0.000000E+00,0.000000E+00,8.850914E+00,0.000000E+00,6.060140E+01,7.392548E+05,9.768522E+05,8.850914E+00,0.000000E+00,5.742194E+01,6.810920E+05,1.071959E+06,3.933844E+01,6.877972E+03,8.850914E+00,0.000000E+00,0.000000E+00
15:15:00,7.341052E+01,0.000000E+00,1.277126E+02,1.893540E+06,3.196316E+06,7.341052E+01,0.000000E+00,1.272761E+02,1.704206E+06,3.770694E+06,7.341052E+01,2.144986E+06,7.341052E+01,0.000000E+00,0.000000E+00,4.571445E+01,0.000000E+00,1.539847E+02,2.234406E+06,3.554034E+06,4.571445E+01,0.000000E+00,1.533882E+02,2.111637E+06,3.911313E+06,4.571445E+01,1.335733E+06,4.571445E+01,0.000000E+00,0.000000E+00,8.850914E+00,0.000000E+00,5.069988E+01,6.264583E+05,7.968041E+05,8.850914E+00,0.000000E+00,5.001604E+01,5.965059E+05,8.647130E+05,8.854696E+00,2.585841E+05,8.850914E+00,0.000000E+00,0.000000E+00,8.850914E+00,0.000000E+00,6.044287E+01,7.362272E+05,9.736043E+05,8.850914E+00,0.000000E+00,5.727051E+01,6.781447E+05,1.068678E+06,3.909759E+01,8.866851E+03,8.850914E+00,0.000000E+00,0.000000E+00
15:30:00,7.341052E+01,0.000000E+00,1.275835E+02,1.881796E+06,3.183820E+06,7.341052E+01,0.000000E+00,1.271505E+02,1.692502E+06,3.758213E+06,7.341052E+01,2.144986E+06,7.341052E+01,0.000000E+00,0.000000E+00,4.571445E+01,0.000000E+00,1.538497E+02,2.226208E+06,3.545404E+06,4.571445E+01,0.000000E+00,1.532482E+02,2.103372E+06,3.902594E+06,4.571445E+01,1.335733E+06,4.571445E+01,0.000000E+00,0.000000E+00,8.850914E+00,0.000000E+00,5.057765E+01,6.238394E+05,7.941049E+05,8.850914E+00,0.000000E+00,4.989566E+01,5.939079E+05,8.620290E+05,8.850914E+00,2.586153E+05,8.850914E+00,0.000000E+00,0.000000E+00,8.850914E+00,0.000000E+00,6.022695E+01,7.325525E+05,9.696941E+05,8.850914E+00,0.000000E+00,5.706103E+01,6.745432E+05,1.064720E+06,3.886580E+01,1.078091E+04,8.850914E+00,0.000000E+00,0.000000E+00
15:45:00,7.341052E+01,0.000000E+00,1.274442E+02,1.869937E+06,3.171162E+06,7.341052E+01,0.000000E+00,1.270136E+02,1.680670E+06,3.745546E+06,7.341052E+01,2.144986E+06,7.341052E+01,0.000000E+00,0.000000E+00,4.571445E+01,0.000000E+00,1.537706E+02,2.218750E+06,3.538288E+06,4.571445E+01,0.000000E+00,1.531643E+02,2.095851E+06,3.895039E+06,4.571445E+01,1.335733E+06,4.571445E+01,0.000000E+00,0.000000E+00,8.850914E+00,0.000000E+00,5.044492E+01,6.211022E+05,7.912845E+05,8.850914E+00,0.000000E+00,4.976471E+01,5.911907E+05,8.592234E+05,8.850914E+00,2.586153E+05,8.850914E+00,0.000000E+00,0.000000E+00,8.850914E+00,0.000000E+00,5.995113E+01,7.282026E+05,9.650884E+05,8.850914E+00,0.000000E+00,5.679103E+01,6.702595E+05,1.060052E+06,3.864200E+01,1.262901E+04,8.850914E+00,0.000000E+00,0.000000E+00
16:00:00,7.341052E+01,0.000000E+00,1.272957E+02,1.857975E+06,3.158360E+06,7.341052E+01,0.000000E+00,1.268668E+02,1.668727E+06,3.732720E+06,7.341052E+01,2.144986E+06,7.341052E+01,0.000000E+00,0.000000E+00,4.571445E+01,0.000000E+00,1.536386E+02,2.210591E+06,3.529397E+06,4.571445E+01,0.000000E+00,1.530899E+02,2.088455E+06,3.887076E+06,4.571445E+01,1.335733E+06,4.571445E+01,0.000000E+00,0.000000E+00,8.850914E+00,0.000000E+00,5.030221E+01,6.182523E+05,7.883471E+05,8.850914E+00,0.000000E+00,4.962368E+01,5.883599E+05,8.562996E+05,8.850914E+00,2.586153E+05,8.850914E+00,0.000000E+00,0.000000E+00,8.850914E+00,0.000000E+00,5.961584E+01,7.231822E+05,9.597650E+05,8.850914E+00,0.000000E+00,5.646087E+01,6.652978E+05,1.054634E+06,3.842573E+01,1.441487E+04,8.850914E+00,0.000000E+00,0.000000E+00
16:15:00,7.341052E+01,0.000000E+00,1.271395E+02,1.842495E+06,3.141926E+06,7.341052E+01,0.000000E+00,1.267119E+02,1.653262E+06,3.716240E+06,7.341052E+01,2.144986E+06,7.341052E+01,0.000000E+00,0.000000E+00,4.571445E+01,0.000000E+00,1.535503E+02,2.200875E+06,3.519028E+06,4.571445E+01,0.000000E+00,1.530149E+02,2.078915E+06,3.876908E+06,4.571445E+01,1.335733E+06,4.571445E+01,0.000000E+00,0.000000E+00,8.850914E+00,0.000000E+00,5.015207E+01,6.149052E+05,7.849017E+05,8.850914E+00,0.000000E+00,4.947512E+01,5.850306E+05,8.528662E+05,8.850914E+00,2.586153E+05,8.850914E+00,0.000000E+00,0.000000E+00,8.850914E+00,0.000000E+00,5.923952E+01,7.172857E+05,9.535255E+05,8.850914E+00,0.000000E+00,5.608926E+01,6.594552E+05,1.048278E+06,3.821460E+01,1.615837E+04,8.850914E+00,0.000000E+00,0.000000E+00
16:30:00,7.341052E+01,0.000000E+00,1.269715E+02,1.826883E+06,3.125306E+06,7.341052E+01,0.000000E+00,1.265450E+02,1.637663E+06,3.699571E+06,7.341052E+01,2.144986E+06,7.341052E+01,0.000000E+00,0.000000E+00,4.571445E+01,0.000000E+00,1.534685E+02,2.191245E+06,3.509106E+06,4.571445E+01,0.000000E+00,1.529351E+02,2.069312E+06,3.867022E+06,4.571445E+01,1.335733E+06,4.571445E+01,0.000000E+00,0.000000E+00,8.850914E+00,0.000000E+00,4.999038E+01,6.114278E+05,7.813189E+05,8.850914E+00,0.000000E+00,4.931503E+01,5.815712E+05,8.492953E+05,8.850914E+00,2.586153E+05,8.850914E+00,0.000000E+00,0.000000E+00,8.850914E+00,0.000000E+00,5.881870E+01,7.108876E+05,9.467520E+05,8.850914E+00,0.000000E+00,5.567283E+01,6.531074E+05,1.041367E+06,3.800922E+01,1.785431E+04,8.850914E+00,0.000000E+00,0.000000E+00
16:45:00,7.341052E+01,0.000000E+00,1.267886E+02,1.811103E+06,3.108455E+06,7.341052E+01,0.000000E+00,1.263631E+02,1.621895E+06,3.682671E+06,7.341052E+01,2.144986E+06,7.341052E+01,0.000000E+00,0.000000E+00,4.571445E+01,0.000000E+00,1.533150E+02,2.180664E+06,3.498032E+06,4.571445E+01,0.000000E+00,1.527837E+02,2.058760E+06,3.855974E+06,4.571445E+01,1.335733E+06,4.571445E+01,0.000000E+00,0.000000E+00,8.850914E+00,0.000000E+00,4.983164E+01,6.079837E+05,7.777860E+05,8.850914E+00,0.000000E+00,4.915792E+01,5.781456E+05,8.457768E+05,8.850914E+00,2.586153E+05,8.850914E+00,0.000000E+00,0.000000E+00,8.850914E+00,0.000000E+00,5.837075E+01,7.041835E+05,9.396852E+05,8.850914E+00,0.000000E+00,5.522891E+01,6.464496E+05,1.034168E+06,3.781005E+01,1.949899E+04,8.850914E+00,0.000000E+00,0.000000E+00
17:00:00,7.341052E+01,0.000000E+00,1.265858E+02,1.795100E+06,3.091296E+06,7.341052E+01,0.000000E+00,1.261615E+02,1.605903E+06,3.665462E+06,7.341052E+01,2.144986E+06,7.341052E+01,0.000000E+00,0.000000E+00,4.571445E+01,0.000000E+00,1.531316E+02,2.169689E+06,3.486492E+06,4.571445E+01,0.000000E+00,1.526022E+02,2.047808E+06,3.844441E+06,4.571445E+01,1.335733E+06,4.571445E+01,0.000000E+00,0.000000E+00,8.850914E+00,0.000000E+00,4.965921E+01,6.043853E+05,7.740758E+05,8.850914E+00,0.000000E+00,4.898724E+01,5.745669E+05,8.420803E+05,8.850914E+00,2.586153E+05,8.850914E+00,0.000000E+00,0.000000E+00,8.850914E+00,0.000000E+00,5.787944E+01,6.969905E+05,9.320561E+05,8.850914E+00,0.000000E+00,5.474140E+01,6.393003E+05,1.026362E+06,3.761695E+01,2.109348E+04,8.850914E+00,0.000000E+00,0.000000E+00
17:15:00,7.341052E+01,0.000000E+00,1.263583E+02,1.775387E+06,3.070240E+06,7.341052E+01,0.000000E+00,1.259351E+02,1.586204E+06,3.644343E+06,7.341052E+01,2.144986E+06,7.341052E+01,0.000000E+00,0.000000E+00,4.571445E+01,0.000000E+00,1.529250E+02,2.156268E+06,3.472382E+06,4.571445E+01,0.000000E+00,1.523971E+02,2.034409E+06,3.830323E+06,4.571445E+01,1.335733E+06,4.571445E+01,0.000000E+00,0.000000E+00,8.850914E+00,0.000000E+00,4.946446E+01,6.001215E+05,7.696698E+05,8.850914E+00,0.000000E+00,4.879438E+01,5.703245E+05,8.376865E+05,8.850914E+00,2.586153E+05,8.850914E+00,0.000000E+00,0.000000E+00,8.850914E+00,0.000000E+00,5.733706E+01,6.888082E+05,9.233549E+05,8.850914E+00,0.000000E+00,5.420260E+01,6.311595E+05,1.017437E+06,3.742976E+01,2.263928E+04,8.850914E+00,0.000000E+00,0.000000E+00
17:30:00,7.341052E+01,0.000000E+00,1.261013E+02,1.755343E+06,3.048729E+06,7.341052E+01,0.000000E+00,1.256795E+02,1.566176E+06,3.622769E+06,7.341052E+01,2.144986E+06,7.341052E+01,0.000000E+00,0.000000E+00,4.571445E+01,0.000000E+00,1.526906E+02,2.142479E+06,3.457827E+06,4.571445E+01,0.000000E+00,1.521642E+02,2.020640E+06,3.815760E+06,4.571445E+01,1.335733E+06,4.571445E+01,0.000000E+00,0.000000E+00,8.850914E+00,0.000000E+00,4.924193E+01,5.955447E+05,7.649390E+05,8.850914E+00,0.000000E+00,4.857391E+01,5.657709E+05,8.329690E+05,8.850914E+00,2.586153E+05,8.850914E+00,0.000000E+00,0.000000E+00,8.850914E+00,0.000000E+00,5.673955E+01,6.800045E+05,9.139980E+05,8.850914E+00,0.000000E+00,5.360866E+01,6.223971E+05,1.007835E+06,3.724827E+01,2.413799E+04,8.850914E+00,0.000000E+00,0.000000E+00
17:45:00,7.341052E+01,0.000000E+00,1.258612E+02,1.735489E+06,3.027619E+06,7.341052E+01,0.000000E+00,1.254410E+02,1.546340E+06,3.601600E+06,7.341052E+01,2.144986E+06,7.341052E+01,0.000000E+00,0.000000E+00,4.571445E+01,0.000000E+00,1.524769E+02,2.128965E+06,3.443840E+06,4.571445E+01,0.000000E+00,1.519521E+02,2.007147E+06,3.801772E+06,4.571445E+01,1.335733E+06,4.571445E+01,0.000000E+00,0.000000E+00,8.850914E+00,0.000000E+00,4.895766E+01,5.902716E+05,7.594612E+05,8.850914E+00,0.000000E+00,4.829204E+01,5.605249E+05,8.275030E+05,8.850914E+00,2.586153E+05,8.850914E+00,0.000000E+00,0.000000E+00,8.850914E+00,0.000000E+00,5.605386E+01,6.702066E+05,9.035390E+05,8.850914E+00,0.000000E+00,5.292669E+01,6.126425E+05,9.970671E+05,3.707228E+01,2.559118E+04,8.850914E+00,0.000000E+00,0.000000E+00
18:00:00,7.341052E+01,0.000000E+00,1.256012E+02,1.715411E+06,3.005973E+06,7.341052E+01,0.000000E+00,1.251828E+02,1.526281E+06,3.579897E+06,7.341052E+01,2.144986E+06,7.341052E+01,0.000000E+00,0.000000E+00,4.571445E+01,0.000000E+00,1.522424E+02,2.115174E+06,3.429083E+06,4.571445E+01,0.000000E+00,1.517192E+02,1.993377E+06,3.787010E+06,4.571445E+01,1.335733E+06,4.571445E+01,0.000000E+00,0.000000E+00,8.850914E+00,0.000000E+00,4.864253E+01,5.846507E+05,7.536426E+05,8.850914E+00,0.000000E+00,4.797952E+01,5.549335E+05,8.217000E+05,8.850914E+00,2.586153E+05,8.850914E+00,0.000000E+00,0.000000E+00,8.850914E+00,0.000000E+00,5.531297E+01,6.597866E+05,8.924454E+05,8.850914E+00,0.000000E+00,5.218951E+01,6.022657E+05,9.856547E+05,3.690163E+01,2.700042E+04,8.850914E+00,0.000000E+00,0.000000E+00
18:15:00,7.341052E+01,0.000000E+00,1.253053E+02,1.686353E+06,2.974951E+06,7.341052E+01,0.000000E+00,1.248890E+02,1.497247E+06,3.548783E+06,7.341052E+01,2.144986E+06,7.341052E+01,0.000000E+00,0.000000E+00,4.571445E+01,0.000000E+00,1.519977E+02,2.095908E+06,3.408812E+06,4.571445E+01,0.000000E+00,1.514762E+02,1.974132E+06,3.766723E+06,4.571445E+01,1.335733E+06,4.571445E+01,0.000000E+00,0.000000E+00,8.850914E+00,0.000000E+00,4.828676E+01,5.775376E+05,7.462830E+05,8.850914E+00,0.000000E+00,4.762664E+01,5.478530E+05,8.143548E+05,8.850914E+00,2.586153E+05,8.850914E+00,0.000000E+00,0.000000E+00,8.850914E+00,0.000000E+00,5.449648E+01,6.474804E+05,8.793136E+05,8.850914E+00,0.000000E+00,5.137665E+01,5.900019E+05,9.721220E+05,3.673611E+01,2.836719E+04,8.850914E+00,0.000000E+00,0.000000E+00
18:30:00,7.341052E+01,0.000000E+00,1.249930E+02,1.657111E+06,2.943884E+06,7.341052E+01,0.000000E+00,1.245790E+02,1.468031E+06,3.517626E+06,7.341052E+01,2.144986E+06,7.341052E+01,0.000000E+00,0.000000E+00,4.571445E+01,0.000000E+00,1.517203E+02,2.076208E+06,3.388122E+06,4.571445E+01,0.000000E+00,1.512006E+02,1.954457E+06,3.746020E+06,4.571445E+01,1.335733E+06,4.571445E+01,0.000000E+00,0.000000E+00,8.850914E+00,0.000000E+00,4.788397E+01,5.698943E+05,7.383578E+05,8.850914E+00,0.000000E+00,4.722710E+01,5.402465E+05,8.064450E+05,8.850914E+00,2.586153E+05,8.850914E+00,0.000000E+00,0.000000E+00,8.850914E+00,0.000000E+00,5.359931E+01,6.342645E+05,8.651738E+05,8.850914E+00,0.000000E+00,5.048298E+01,5.768272E+05,9.575196E+05,3.657556E+01,2.969295E+04,8.850914E+00,0.000000E+00,0.000000E+00
18:45:00,7.341052E+01,0.000000E+00,1.245925E+02,1.626876E+06,2.911322E+06,7.341052E+01,0.000000E+00,1.241812E+02,1.437826E+06,3.484977E+06,7.341052E+01,2.144986E+06,7.341052E+01,0.000000E+00,0.000000E+00,4.571445E+01,0.000000E+00,1.513495E+02,2.055269E+06,3.365942E+06,4.571445E+01,0.000000E+00,1.508318E+02,1.933545E+06,3.723825E+06,4.571445E+01,1.335733E+06,4.571445E+01,0.000000E+00,0.000000E+00,8.850914E+00,0.000000E+00,4.747515E+01,5.621831E+05,7.304007E+05,8.850914E+00,0.000000E+00,4.682180E+01,5.325750E+05,7.985115E+05,8.850914E+00,2.586153E+05,8.850914E+00,0.000000E+00,0.000000E+00,8.850914E+00,0.000000E+00,5.266488E+01,6.206287E+05,8.506551E+05,8.850914E+00,0.000000E+00,4.955183E+01,5.632301E+05,9.425549E+05,3.641981E+01,3.097907E+04,8.850914E+00,0.000000E+00,0.000000E+00
19:00:00,7.341052E+01,0.000000E+00,1.241510E+02,1.596178E+06,2.878163E+06,7.341052E+01,0.000000E+00,1.237436E+02,1.407173E+06,3.451751E+06,7.341052E+01,2.144986E+06,7.341052E+01,0.000000E+00,0.000000E+00,4.571445E+01,0.000000E+00,1.510000E+02,2.034614E+06,3.344590E+06,4.571445E+01,0.000000E+00,1.504846E+02,1.912921E+06,3.702470E+06,4.571445E+01,1.335733E+06,4.571445E+01,0.000000E+00,0.000000E+00,8.850914E+00,0.000000E+00,4.701158E+01,5.538544E+05,7.217619E+05,8.850914E+00,0.000000E+00,4.636231E+01,5.242925E+05,7.898964E+05,8.850914E+00,2.586153E+05,8.850914E+00,0.000000E+00,0.000000E+00,8.850914E+00,0.000000E+00,5.164510E+01,6.060305E+05,8.349939E+05,8.850914E+00,0.000000E+00,4.853544E+01,5.486721E+05,9.263415E+05,3.626870E+01,3.222690E+04,8.850914E+00,0.000000E+00,0.000000E+00
19:15:00,7.341052E+01,0.000000E+00,1.237000E+02,1.572235E+06,2.851931E+06,7.341052E+01,0.000000E+00,1.232972E+02,1.383281E+06,3.425486E+06,7.341052E+01,2.144986E+06,7.341052E+01,0.000000E+00,0.000000E+00,4.571445E+01,0.000000E+00,1.505845E+02,2.017355E+06,3.325784E+06,4.571445E+01,0.000000E+00,1.500722E+02,1.895703E+06,3.683676E+06,4.571445E+01,1.335733E+06,4.571445E+01,0.000000E+00,0.000000E+00,8.850914E+00,0.000000E+00,4.646310E+01,5.453956E+05,7.129151E+05,8.850914E+00,0.000000E+00,4.581954E+01,5.158981E+05,7.810845E+05,8.850914E+00,2.586153E+05,8.850914E+00,0.000000E+00,0.000000E+00,8.850914E+00,0.000000E+00,5.055291E+01,5.914433E+05,8.192249E+05,8.850914E+00,0.000000E+00,4.744854E+01,5.341466E+05,9.099650E+05,3.612207E+01,3.343770E+04,8.850914E+00,0.000000E+00,0.000000E+00
19:30:00,7.341052E+01,0.000000E+00,1.232027E+02,1.547770E+06,2.824816E+06,7.341052E+01,0.000000E+00,1.228054E+02,1.358879E+06,3.398356E+06,7.341052E+01,2.144986E+06,7.341052E+01,0.000000E+00,0.000000E+00,4.571445E+01,0.000000E+00,1.501402E+02,1.999714E+06,3.306728E+06,4.571445E+01,0.000000E+00,1.496315E+02,1.878110E+06,3.664635E+06,4.571445E+01,1.335733E+06,4.571445E+01,0.000000E+00,0.000000E+00,8.850914E+00,0.000000E+00,4.588032E+01,5.365501E+05,7.037203E+05,8.850914E+00,0.000000E+00,4.524357E+01,5.071295E+05,7.719414E+05,8.850914E+00,2.586153E+05,8.850914E+00,0.000000E+00,0.000000E+00,8.850914E+00,0.000000E+00,4.944323E+01,5.766588E+05,8.033249E+05,8.850914E+00,0.000000E+00,4.634540E+01,5.194380E+05,8.934982E+05,3.597978E+01,3.461272E+04,8.850914E+00,0.000000E+00,0.000000E+00
19:45:00,7.341052E+01,0.000000E+00,1.227248E+02,1.523524E+06,2.798143E+06,7.341052E+01,0.000000E+00,1.223336E+02,1.334701E+06,3.371671E+06,7.341052E+01,2.144986E+06,7.341052E+01,0.000000E+00,0.000000E+00,4.571445E+01,0.000000E+00,1.497102E+02,1.982262E+06,3.288374E+06,4.571445E+01,0.000000E+00,1.492053E+02,1.860708E+06,3.646302E+06,4.571445E+01,1.335733E+06,4.571445E+01,0.000000E+00,0.000000E+00,8.850914E+00,0.000000E+00,4.527698E+01,5.274727E+05,6.943149E+05,8.850914E+00,0.000000E+00,4.464833E+01,4.981435E+05,7.626052E+05,8.850914E+00,2.586153E+05,8.850914E+00,0.000000E+00,0.000000E+00,8.850914E+00,0.000000E+00,4.833714E+01,5.619148E+05,7.874853E+05,8.850914E+00,0.000000E+00,4.524731E+01,5.047861E+05,8.771149E+05,3.584168E+01,3.575312E+04,8.850914E+00,0.000000E+00,0.000000E+00
20:00:00,7.341052E+01,0.000000E+00,1.223032E+02,1.499910E+06,2.772407E+06,7.341052E+01,0.000000E+00,1.219165E+02,1.311138E+06,3.345900E+06,7.341052E+01,2.144986E+06,7.341052E+01,0.000000E+00,0.000000E+00,4.571445E+01,0.000000E+00,1.492652E+02,1.964610E+06,3.269614E+06,4.571445E+01,0.000000E+00,1.487636E+02,1.843100E+06,3.627555E+06,4.571445E+01,1.335733E+06,4.571445E+01,0.000000E+00,0.000000E+00,8.850914E+00,0.000000E+00,4.473206E+01,5.190540E+05,6.856360E+05,8.850914E+00,0.000000E+00,4.411096E+01,4.898100E+05,7.539952E+05,8.850914E+00,2.586153E+05,8.850914E+00,0.000000E+00,0.000000E+00,8.850914E+00,0.000000E+00,4.732218E+01,5.481980E+05,7.727992E+05,8.850914E+00,0.000000E+00,4.423980E+01,4.911551E+05,8.619520E+05,3.570763E+01,3.686005E+04,8.850914E+00,0.000000E+00,0.000000E+00
20:15:00,7.341052E+01,0.000000E+00,1.219426E+02,1.480414E+06,2.750969E+06,7.341052E+01,0.000000E+00,1.215596E+02,1.291683E+06,3.324437E+06,7.341052E+01,2.144986E+06,7.341052E+01,0.000000E+00,0.000000E+00,4.571445E+01,0.000000E+00,1.488999E+02,1.950152E+06,3.254072E+06,4.571445E+01,0.000000E+00,1.484007E+02,1.828673E+06,3.612019E+06,4.571445E+01,1.335733E+06,4.571445E+01,0.000000E+00,0.000000E+00,8.850914E+00,0.000000E+00,4.431317E+01,5.124697E+05,6.789035E+05,8.850914E+00,0.000000E+00,4.369796E+01,4.832922E+05,7.473244E+05,8.850914E+00,2.586153E+05,8.850914E+00,0.000000E+00,0.000000E+00,8.850914E+00,0.000000E+00,4.646304E+01,5.366511E+05,7.604934E+05,8.850914E+00,0.000000E+00,4.338619E+01,4.796719E+05,8.492748E+05,3.557750E+01,3.793459E+04,8.850914E+00,0.000000E+00,0.000000E+00
20:30:00,7.341052E+01,0.000000E+00,1.216742E+02,1.461955E+06,2.730925E+06,7.341052E+01,0.000000E+00,1.212935E+02,1.273249E+06,3.304348E+06,7.341052E+01,2.144986E+06,7.341052E+01,0.000000E+00,0.000000E+00,4.571445E+01,0.000000E+00,1.486106E+02,1.936700E+06,3.239591E+06,4.571445E+01,0.000000E+00,1.481129E+02,1.815241E+06,3.597535E+06,4.571445E+01,1.335733E+06,4.571445E+01,0.000000E+00,0.000000E+00,8.850914E+00,0.000000E+00,4.398992E+01,5.069637E+05,6.732932E+05,8.850914E+00,0.000000E+00,4.337957E+01,4.778410E+05,7.417690E+05,8.850914E+00,2.586153E+05,8.850914E+00,0.000000E+00,0.000000E+00,8.850914E+00,0.000000E+00,4.573753E+01,5.266106E+05,7.498045E+05,8.850914E+00,0.000000E+00,4.266499E+01,4.696809E+05,8.382749E+05,3.545117E+01,3.897778E+04,8.850914E+00,0.000000E+00,0.000000E+00
20:45:00,7.341052E+01,0.000000E+00,1.214659E+02,1.444172E+06,2.711832E+06,7.341052E+01,0.000000E+00,1.210866E+02,1.255482E+06,3.285200E+06,7.341052E+01,2.144986E+06,7.341052E+01,0.000000E+00,0.000000E+00,4.571445E+01,0.000000E+00,1.483743E+02,1.923951E+06,3.226004E+06,4.571445E+01,0.000000E+00,1.478775E+02,1.802504E+06,3.583934E+06,4.571445E+01,1.335733E+06,4.571445E+01,0.000000E+00,0.000000E+00,8.850914E+00,0.000000E+00,4.373173E+01,5.021912E+05,6.684365E+05,8.850914E+00,0.000000E+00,4.312466E+01,4.731055E+05,7.369493E+05,8.850914E+00,2.586153E+05,8.850914E+00,0.000000E+00,0.000000E+00,8.850914E+00,0.000000E+00,4.511678E+01,5.177508E+05,7.403763E+05,8.850914E+00,0.000000E+00,4.204677E+01,4.608505E+05,8.285602E+05,3.532851E+01,3.999064E+04,8.850914E+00,0.000000E+00,0.000000E+00
21:00:00,7.341052E+01,0.000000E+00,1.212795E+02,1.426636E+06,2.693093E+06,7.341052E+01,0.000000E+00,1.209017E+02,1.237964E+06,3.265372E+06,7.341052E+01,2.144986E+06,7.341052E+01,0.000000E+00,0.000000E+00,4.571445E+01,0.000000E+00,1.481557E+02,1.911437E+06,3.212741E+06,4.571445E+01,0.000000E+00,1.476597E+02,1.790000E+06,3.570011E+06,4.571445E+01,1.335733E+06,4.571445E+01,0.000000E+00,0.000000E+00,8.850914E+00,0.000000E+00,4.349762E+01,4.976902E+05,6.638371E+05,8.850914E+00,0.000000E+00,4.289363E+01,4.686393E+05,7.322577E+05,8.850914E+00,2.586153E+05,8.850914E+00,0.000000E+00,0.000000E+00,8.850914E+00,0.000000E+00,4.455899E+01,5.096009E+05,7.316840E+05,8.850914E+00,0.000000E+00,4.149129E+01,4.527273E+05,8.194668E+05,3.520941E+01,4.097413E+04,8.850914E+00,0.000000E+00,0.000000E+00
21:15:00,7.341052E+01,0.000000E+00,1.211060E+02,1.409245E+06,2.674573E+06,7.341052E+01,0.000000E+00,1.207298E+02,1.220591E+06,3.204396E+06,7.341052E+01,2.144986E+06,7.341052E+01,0.000000E+00,0.000000E+00,4.571445E+01,0.000000E+00,1.479479E+02,1.899067E+06,3.199677E+06,4.571445E+01,0.000000E+00,1.474526E+02,1.777640E+06,3.530485E+06,4.571445E+01,1.335733E+06,4.571445E+01,0.000000E+00,0.000000E+00,8.850914E+00,0.000000E+00,4.327627E+01,4.933332E+05,6.593717E+05,8.850914E+00,0.000000E+00,4.267489E+01,4.643116E+05,7.227002E+05,8.850914E+00,2.586153E+05,8.850914E+00,0.000000E+00,0.000000E+00,8.850914E+00,0.000000E+00,4.404057E+01,5.018950E+05,7.234451E+05,8.850914E+00,0.000000E+00,4.097454E+01,4.450409E+05,8.058085E+05,3.509376E+01,4.192918E+04,8.850914E+00,0.000000E+00,0.000000E+00
21:30:00,7.341052E+01,0.000000E+00,1.209416E+02,1.391958E+06,2.656197E+06,7.341052E+01,0.000000E+00,1.205671E+02,1.203323E+06,3.144069E+06,7.341052E+01,2.144986E+06,7.341052E+01,0.000000E+00,0.000000E+00,4.571445E+01,0.000000E+00,1.477493E+02,1.886820E+06,3.186753E+06,4.571445E+01,0.000000E+00,1.472546E+02,1.765401E+06,3.491293E+06,4.571445E+01,1.335733E+06,4.571445E+01,0.000000E+00,0.000000E+00,8.850914E+00,0.000000E+00,4.306391E+01,4.890776E+05,6.550015E+05,8.850914E+00,0.000000E+00,4.246427E+01,4.600756E+05,7.132131E+05,8.850914E+00,2.586153E+05,8.850914E+00,0.000000E+00,0.000000E+00,8.850914E+00,0.000000E+00,4.355064E+01,4.945103E+05,7.155308E+05,8.850914E+00,0.000000E+00,4.048516E+01,4.376632E+05,7.917135E+05,3.498144E+01,4.285669E+04,8.850914E+00,0.000000E+00,0.000000E+00
21:45:00,7.341052E+01,0.000000E+00,1.207841E+02,1.374749E+06,2.637925E+06,7.341052E+01,0.000000E+00,1.204115E+02,1.186134E+06,3.084348E+06,7.341052E+01,2.144986E+06,7.341052E+01,0.000000E+00,0.000000E+00,4.571445E+01,0.000000E+00,1.475585E+02,1.874675E+06,3.173942E+06,4.571445E+01,0.000000E+00,1.470643E+02,1.753263E+06,3.452431E+06,4.571445E+01,1.335733E+06,4.571445E+01,0.000000E+00,0.000000E+00,8.850914E+00,0.000000E+00,4.285838E+01,4.848990E+05,6.507051E+05,8.850914E+00,0.000000E+00,4.225980E+01,4.559091E+05,7.037611E+05,8.850914E+00,2.586153E+05,8.850914E+00,0.000000E+00,0.000000E+00,8.850914E+00,0.000000E+00,4.308152E+01,4.873604E+05,7.078525E+05,8.850914E+00,0.000000E+00,4.001572E+01,4.305106E+05,7.769755E+05,3.487235E+01,4.375752E+04,8.850914E+00,0.000000E+00,0.000000E+00
22:00:00,7.341052E+01,0.000000E+00,1.206324E+02,1.357605E+06,2.619743E+06,7.341052E+01,0.000000E+00,1.202619E+02,1.169014E+06,3.025217E+06,7.341052E+01,2.144986E+06,7.341052E+01,0.000000E+00,0.000000E+00,4.571445E+01,0.000000E+00,1.473743E+02,1.862620E+06,3.161238E+06,4.571445E+01,0.000000E+00,1.468806E+02,1.741214E+06,3.413957E+06,4.571445E+01,1.335733E+06,4.571445E+01,0.000000E+00,0.000000E+00,8.850914E+00,0.000000E+00,4.265867E+01,4.807860E+05,6.464733E+05,8.850914E+00,0.000000E+00,4.206059E+01,4.518019E+05,6.943614E+05,8.850914E+00,2.586153E+05,8.850914E+00,0.000000E+00,0.000000E+00,8.850914E+00,0.000000E+00,4.262863E+01,4.803935E+05,7.003610E+05,8.850914E+00,0.000000E+00,3.956178E+01,4.235331E+05,7.618556E+05,3.476638E+01,4.463251E+04,8.850914E+00,0.000000E+00,0.000000E+00
22:15:00,7.341052E+01,0.000000E+00,1.203740E+02,1.342807E+06,2.603901E+06,7.341052E+01,0.000000E+00,1.200055E+02,1.154237E+06,2.977855E+06,7.341052E+01,2.144986E+06,7.341052E+01,0.000000E+00,0.000000E+00,4.571445E+01,0.000000E+00,1.470693E+02,1.851377E+06,3.150033E+06,4.571445E+01,0.000000E+00,1.465754E+02,1.729971E+06,3.382767E+06,4.571445E+01,1.335733E+06,4.571445E+01,0.000000E+00,0.000000E+00,8.850914E+00,0.000000E+00,3.191921E+01,3.640865E+05,5.135401E+05,8.850914E+00,0.000000E+00,3.147080E+01,3.365936E+05,5.578079E+05,8.850914E+00,2.586153E+05,8.850914E+00,0.000000E+00,0.000000E+00,8.850914E+00,0.000000E+00,3.180234E+01,3.625161E+05,5.555568E+05,8.850914E+00,0.000000E+00,2.950173E+01,3.133488E+05,6.070372E+05,2.603526E+01,1.167251E+05,8.850914E+00,0.000000E+00,0.000000E+00
22:30:00,7.341052E+01,0.000000E+00,1.201223E+02,1.328115E+06,2.588105E+06,7.341052E+01,0.000000E+00,1.197556E+02,1.139566E+06,2.930838E+06,7.341052E+01,2.144986E+06,7.341052E+01,0.000000E+00,0.000000E+00,4.571445E+01,0.000000E+00,1.467786E+02,1.840404E+06,3.138735E+06,4.571445E+01,0.000000E+00,1.462847E+02,1.718998E+06,3.351795E+06,4.571445E+01,1.335733E+06,4.571445E+01,0.000000E+00,0.000000E+00,8.850914E+00,0.000000E+00,2.160739E+01,2.510780E+05,3.849017E+05,8.850914E+00,0.000000E+00,2.123852E+01,2.242504E+05,4.249369E+05,8.850914E+00,2.586153E+05,8.850914E+00,0.000000E+00,0.000000E+00,8.850914E+00,0.000000E+00,2.109049E+01,2.443437E+05,4.097222E+05,8.850914E+00,0.000000E+00,1.955635E+01,2.028703E+05,4.525617E+05,1.733099E+01,1.885958E+05,8.850914E+00,0.000000E+00,0.000000E+00
22:45:00,7.341052E+01,0.000000E+00,1.199718E+02,1.314563E+06,2.573758E+06,7.341052E+01,0.000000E+00,1.195651E+02,1.125531E+06,2.884378E+06,7.341052E+01,2.144986E+06,7.341052E+01,0.000000E+00,0.000000E+00,4.571445E+01,0.000000E+00,1.466026E+02,1.830953E+06,3.128784E+06,4.571445E+01,0.000000E+00,1.460666E+02,1.708910E+06,3.320878E+06,4.571445E+01,1.335733E+06,4.571445E+01,0.000000E+00,0.000000E+00,8.850914E+00,0.000000E+00,1.287039E+01,1.466244E+05,2.649241E+05,8.850914E+00,0.000000E+00,1.135727E+01,1.049013E+05,2.814280E+05,8.850914E+00,2.586153E+05,8.850914E+00,0.000000E+00,0.000000E+00,8.850914E+00,0.000000E+00,1.147200E+01,1.286231E+05,2.526385E+05,8.850914E+00,0.000000E+00,9.723310E+00,8.396098E+04,2.615210E+05,8.850914E+00,2.586153E+05,8.850914E+00,0.000000E+00,0.000000E+00
23:00:00,7.341052E+01,0.000000E+00,1.198231E+02,1.300920E+06,2.558628E+06,7.341052E+01,0.000000E+00,1.194236E+02,1.112004E+06,2.839110E+06,7.341052E+01,2.144986E+06,7.341052E+01,0.000000E+00,0.000000E+00,4.571445E+01,0.000000E+00,1.464303E+02,1.821285E+06,3.117324E+06,4.571445E+01,0.000000E+00,1.459003E+02,1.699397E+06,3.290984E+06,4.571445E+01,1.335733E+06,4.571445E+01,0.000000E+00,0.000000E+00,8.850914E+00,0.000000E+00,8.850914E+00,9.380612E+04,2.043975E+05,8.850914E+00,0.000000E+00,8.850914E+00,7.157133E+04,2.388983E+05,8.850914E+00,2.586153E+05,8.850914E+00,0.000000E+00,0.000000E+00,8.850914E+00,0.000000E+00,8.850914E+00,9.380612E+04,2.043975E+05,8.850914E+00,0.000000E+00,8.850914E+00,7.157133E+04,2.388983E+05,8.850914E+00,2.586153E+05,8.850914E+00,0.000000E+00,0.000000E+00
23:15:00,7.341052E+01,0.000000E+00,1.198066E+02,1.288623E+06,2.545818E+06,7.341052E+01,0.000000E+00,1.194016E+02,1.099654E+06,2.795717E+06,7.341052E+01,2.144986E+06,7.341052E+01,0.000000E+00,0.000000E+00,4.571445E+01,0.000000E+00,1.464058E+02,1.813230E+06,3.108714E+06,4.571445E+01,0.000000E+00,1.458715E+02,1.691304E+06,3.263071E+06,4.571445E+01,1.335733E+06,4.571445E+01,0.000000E+00,0.000000E+00,8.850914E+00,0.000000E+00,8.850914E+00,9.235864E+04,2.029143E+05,8.850914E+00,0.000000E+00,8.850914E+00,7.012384E+04,2.337553E+05,8.850914E+00,2.586153E+05,8.850914E+00,0.000000E+00,0.000000E+00,8.850914E+00,0.000000E+00,8.850914E+00,9.235864E+04,2.029143E+05,8.850914E+00,0.000000E+00,8.850914E+00,7.012384E+04,2.337553E+05,8.850914E+00,2.586153E+05,8.850914E+00,0.000000E+00,0.000000E+00
23:30:00,7.341052E+01,0.000000E+00,1.197897E+02,1.276281E+06,2.533020E+06,7.341052E+01,0.000000E+00,1.193862E+02,1.087332E+06,2.753008E+06,7.341052E+01,2.144986E+06,7.341052E+01,0.000000E+00,0.000000E+00,4.571445E+01,0.000000E+00,1.463760E+02,1.805006E+06,3.100236E+06,4.571445E+01,0.000000E+00,1.458438E+02,1.683113E+06,3.235873E+06,4.571445E+01,1.335733E+06,4.571445E+01,0.000000E+00,0.000000E+00,8.850914E+00,0.000000E+00,8.850914E+00,9.091115E+04,2.014311E+05,8.850914E+00,0.000000E+00,8.850914E+00,6.867636E+04,2.286470E+05,8.850914E+00,2.586153E+05,8.850914E+00,0.000000E+00,0.000000E+00,8.850914E+00,0.000000E+00,8.850914E+00,9.091115E+04,2.014311E+05,8.850914E+00,0.000000E+00,8.850914E+00,6.867636E+04,2.286470E+05,8.850914E+00,2.586153E+05,8.850914E+00,0.000000E+00,0.000000E+00
23:45:00,7.341052E+01,0.000000E+00,1.196785E+02,1.262874E+06,2.518696E+06,7.341052E+01,0.000000E+00,1.193173E+02,1.074435E+06,2.709750E+06,7.341052E+01,2.144986E+06,7.341052E+01,0.000000E+00,0.000000E+00,4.571445E+01,0.000000E+00,1.462404E+02,1.795371E+06,3.090006E+06,4.571445E+01,0.000000E+00,1.457518E+02,1.674138E+06,3.207903E+06,4.571445E+01,1.335733E+06,4.571445E+01,0.000000E+00,0.000000E+00,8.850914E+00,0.000000E+00,8.850914E+00,8.946367E+04,1.999479E+05,8.850914E+00,0.000000E+00,8.850914E+00,6.722887E+04,2.235729E+05,8.850914E+00,2.586153E+05,8.850914E+00,0.000000E+00,0.000000E+00,8.850914E+00,0.000000E+00,8.850914E+00,8.946367E+04,1.999479E+05,8.850914E+00,0.000000E+00,8.850914E+00,6.722887E+04,2.235729E+05,8.850914E+00,2.586153E+05,8.850914E+00,0.000000E+00,0.000000E+00
24:00:00,7.341052E+01,0.000000E+00,1.195724E+02,1.249636E+06,2.504724E+06,7.341052E+01,0.000000E+00,1.192052E+02,1.061096E+06,2.666091E+06,7.341052E+01,2.144986E+06,7.341052E+01,0.000000E+00,0.000000E+00,4.571445E+01,0.000000E+00,1.461093E+02,1.786060E+06,3.080314E+06,4.571445E+01,0.000000E+00,1.456162E+02,1.664695E+06,3.179436E+06,4.571445E+01,1.335733E+06,4.571445E+01,0.000000E+00,0.000000E+00,8.850914E+00,0.000000E+00,8.850914E+00,8.801618E+04,1.984647E+05,8.850914E+00,0.000000E+00,8.850914E+00,6.578139E+04,2.185329E+05,8.850914E+00,2.586153E+05,8.850914E+00,0.000000E+00,0.000000E+00,8.850914E+00,0.000000E+00,8.850914E+00,8.801618E+04,1.984647E+05,8.850914E+00,0.000000E+00,8.850914E+00,6.578139E+04,2.185329E+05,8.850914E+00,2.586153E+05,8.850914E+00,0.000000E+00,0.000000E+00
Coinc Peak   ,7.341052E+01,1.478936E+02,2.144986E+06,1.907717E+06,4.571445E+01,1.713240E+02,1.335733E+06,2.248265E+06,1.237659E+01,6.261835E+01,2.586153E+05,7.060291E+05,5.513109E+01,6.315037E+01,2.586153E+05,7.410253E+05
NonCoinc Peak,7.341052E+01,1.478936E+02,2.144986E+06,1.907717E+06,4.571445E+01,1.713015E+02,1.335733E+06,2.248265E+06,1.237659E+01,6.261835E+01,2.586153E+05,7.060291E+05,5.513109E+01,6.315037E+01,2.586153E+05,7.410253E+05
